id_code,megapixels,aspect_ratio,area_ratio_s1,area_ratio_s2,black_region_pct,varLapNorm,specSlope,brenner,tenengradVar,regionMin,region_centre,region_q1,region_q2,region_q3,region_q4,illum_plane_tilt,illum_radial,local_contrast,saturation_count,stage1_verdict,enhancement_applied
09f1111a388a,3.145728,1.333333333,1.004346246,0.9956631782,52.52803167,0.01634423675,-2.065152578,12.88136202,32.89799621,0.01203866098,0.01348107098,0.01666296495,0.01257246052,0.01203866098,0.02434147274,0.03873013631,-0.02629065424,0.01577330675,0.1043969253,pass,0
17e6116b89b3,1.1025,1,0.9990473923,1.000953062,20.34984127,0.002753408779,-2.553859165,12.47571673,18.58850674,0.002203263424,0.002599207663,0.002621660241,0.002203263424,0.002501190774,0.004014360807,0.03190489761,-0.05390385137,0.02136053732,0.5881729969,pass,0
1db0393cdbc1,0.502866,1.333876221,0.9981875853,1.001814059,52.38652046,0.005840256402,-2.790229787,37.15144588,59.07610669,0.004980494166,0.004980494166,0.005394125112,0.006623641837,0.005970871932,0.00535409326,0.1116357229,-0.01040174462,0.02929132804,0.7066724582,borderline,2
1df0431bfa73,3.145728,1.333333333,0.9963814034,1.003625156,52.34247843,0.002861856895,-2.416832741,11.38711433,6.861058199,0.002369481116,0.002602989203,0.003277627626,0.002779901682,0.002369481116,0.002917367086,0.01074102344,-0.02592101974,0.01719320142,0.1660245361,borderline,2
1e8c31e29dd3,1.1025,1,0.9990473923,1.000953062,20.15038549,0.002402776212,-2.462400488,12.7664633,12.8847705,0.001586151197,0.002234600111,0.001586151197,0.003357990264,0.003106541773,0.002053329276,0.05547733196,-0.0584577348,0.01907633478,0.5424028389,pass,0
226c6ceb9185,3.145728,1.333333333,1.004346246,0.9956631782,52.47205098,0.0197748506,-1.775008161,12.38472122,41.24476225,0.01503745956,0.02376531611,0.0176526083,0.02846544968,0.02493392592,0.01503745956,0.01851734115,0.01762871393,0.01490820818,0.1816600896,pass,0
2585bbc91909,3.145728,1.333333333,1.005073375,0.9949394623,52.5434494,0.01657016353,-1.941919298,13.31621205,31.18777688,0.01327917462,0.01663886939,0.01394656515,0.01872044988,0.02673573595,0.01327917462,0.03456874062,-0.02545561802,0.01605145705,0.2434263498,pass,0
28f73575e1f2,0.502866,1.333876221,0.9981908642,1.001810774,52.3753843,0.00311773673,-2.506299976,13.10927262,83.71580518,0.002619064809,0.003583630774,0.002619064809,0.002837184944,0.003684258156,0.003421039679,0.03449448532,0.01656742998,0.02511964071,0.04593132015,borderline,2
3178559fbf57,1.1025,1,1,1,19.20861678,0.001414677581,-2.280404315,7.726958271,4.633075587,0.0009970016375,0.001573068666,0.001158237764,0.002052364959,0.001613426977,0.0009970016375,0.02147551772,-0.0106968463,0.01733030344,1.417609251,fail,0
33d72035c27a,3.145728,1.333333333,0.9978280549,1.002174306,52.3338,0.003037167987,-2.424908345,13.42129135,11.27552693,0.001718408454,0.003097436988,0.003256463605,0.001718408454,0.003502819512,0.003944208907,0.134369394,0.1715173791,0.0202175743,0.1874021724,borderline,2
3b2b91590590,1.1025,1,0.9990473923,1.000953062,20.55165533,0.003352733752,-2.441235053,14.16082639,16.74157163,0.002687691052,0.003199908566,0.004114652675,0.003381785701,0.002687691052,0.003332491711,0.002507469791,-0.05546215058,0.02062649183,0.5428590347,pass,0
4036471a1bb7,3.145728,1.333333333,1.011585711,0.9884810176,52.52408981,0.01497622921,-1.686777687,12.16491645,24.23658585,0.01293667884,0.01514565428,0.01616141803,0.01582223139,0.01567586291,0.01293667884,0.01594006907,0.003489022817,0.01470116264,0.05082148001,pass,0
40dd4e6e4444,3.145728,1.333333333,0.9963787826,1.003627786,52.32241948,0.003456882345,-2.167853524,10.87424428,5.885161726,0.003037767535,0.003143553999,0.004503516938,0.003090239084,0.003216241156,0.003037767535,0.03421412999,-0.02222694005,0.01608384576,0.1609540428,pass,0
4145dcb25053,3.145728,1.333333333,1,1,52.47643789,0.00347078652,-2.100792456,10.6400182,5.561505437,0.002024673371,0.003139195167,0.004645914849,0.003302471746,0.002024673371,0.003980558014,0.04936468973,-0.0211483372,0.01621064863,0.296061037,borderline,2
4210809074c1,1.1025,1,0.9990473923,1.000953062,20.16,0.004365868581,-2.471610015,18.54498024,33.24025998,0.003171747129,0.003799024666,0.005052561084,0.00560637899,0.004064921234,0.003171747129,0.02161122902,-0.09247554543,0.02196148289,0.9982550134,pass,0
4dd4a4bf2421,1.1025,1,1,1,20.5692517,0.002592296333,-2.636651669,11.85124438,13.23128056,0.001592454435,0.002097700483,0.003690756971,0.001928416156,0.001592454435,0.004016928064,0.06212811431,-0.0926644873,0.01829052617,0.2347771672,pass,0
4e1e252317b5,1.1025,1,1,1,19.12226757,0.001688344788,-2.355025801,10.36288205,11.38111007,0.001125350371,0.001839187884,0.00127689118,0.002478974453,0.002281400967,0.001125350371,0.03391354162,-0.001794243194,0.02053889995,1.517365593,pass,0
4eabad7948cf,3.145728,1.333333333,1.007254238,0.9927719789,52.58366267,0.01980052332,-1.77441864,12.21731197,43.97731356,0.01231465914,0.02416090438,0.01731647147,0.03364384951,0.0327431507,0.01231465914,0.05032616678,0.02384450378,0.01540372106,0.2479905658,pass,0
4faf4063db8c,1.1025,1,0.9990473923,1.000953062,20.29251701,0.00273160488,-2.546594011,14.45942275,18.59398591,0.002186018519,0.002545565375,0.003275342922,0.002186018519,0.002191546772,0.003654940846,0.05121088716,-0.08349006744,0.02058391984,0.6427128673,pass,0
5069feccd866,3.145728,1.333333333,0.9992741789,1.000726085,52.51820882,0.01436754112,-1.992416044,13.19713991,28.82849319,0.009835542644,0.014745173,0.01413161175,0.009835542644,0.01449225329,0.01942034254,0.05664649327,0.07833154331,0.01558537442,0.1693839512,pass,0
511fd66b2df8,5.067304,1.321756895,1.29637209,0.7420386104,7.854946141,0.002836701183,-2.150832557,4.996487019,2.089609377,0.002031729972,0.002877227566,0.002031729972,0.002971468969,0.004045853022,0.002929395279,0.1942054779,-0.1317750719,0.01211303234,0.05694680325,pass,0
51aa3361294c,0.502866,1.333876221,1.223809191,0.7987728008,20.17257082,0.001933120111,-2.810904063,4.274474021,8.965638719,0.001560652519,0.001971745009,0.0019010815,0.001560652519,0.001990704022,0.002345198824,0.07281602939,-0.005876154055,0.015021301,0.1504639721,borderline,2
521b5377a727,0.502866,1.333876221,1.223809191,0.7987728008,20.2016044,0.002485184026,-2.477878568,1.761266786,74.5254135,0.002058267264,0.002768171266,0.002104709668,0.002058267264,0.002206081561,0.004584291569,0.09937331914,-0.001353375538,0.01198579783,0.2155607445,borderline,3
5257cb536da2,0.502866,1.333876221,1.223809191,0.7987728008,20.15089507,0.001540518152,-3.248791522,8.114066576,17.42026934,0.001323272262,0.001575135859,0.001709238907,0.001882462344,0.001323272262,0.001337218894,0.01863092205,-0.01933247894,0.02263708647,0.2991029402,borderline,2
5299a532f0e0,1.1025,1,0.9990473923,1.000953062,19.85596372,0.001828798994,-2.260300087,8.809842318,5.638700154,0.00140992058,0.001797630059,0.00140992058,0.002220688148,0.001946449745,0.001846509818,0.02444293168,-0.0391402977,0.01636891176,1.09847576,borderline,2
53273d664cd8,1.1025,1,1,1,20.34820862,0.00270784546,-2.581133923,15.78041844,21.28553532,0.002116624218,0.002458566377,0.003388507267,0.002235699994,0.002116624218,0.00346080082,0.0464334778,-0.1124076583,0.02021444512,0.3969659322,pass,0
535682537302,1.1025,1,1,1,20.070839,0.001356395916,-2.520595618,9.100838755,4.873755268,0.0007023595067,0.001256294826,0.001949513817,0.0007023595067,0.0009051009646,0.002245440361,0.06195311104,-0.0267015025,0.01650839627,0.5713676169,fail,0
58059e73d2d4,0.502866,1.333876221,0.9963800935,1.00362647,52.41813923,0.00576742152,-2.543687683,13.76533883,265.7164832,0.004278423675,0.00522509812,0.008343024324,0.005770159861,0.004278423675,0.005420880309,0.0309786543,-0.02977660598,0.02346563951,0.1324846514,borderline,2
5889a0c75cac,1.1025,1,0.9990473923,1.000953062,20.08281179,0.002828803995,-3.071804267,26.37563468,33.70555153,0.001821708704,0.002182716073,0.001821708704,0.003551321912,0.00329027578,0.00304859701,0.03320483197,-0.1738232616,0.02421514263,0.9337329912,pass,0
5b2648ad455e,3.145728,1.333333333,0.999275231,1.000725032,52.43094762,0.005762904219,-2.140360236,11.34263146,8.22224896,0.004464537758,0.00481212184,0.007374301139,0.006372662491,0.004464537758,0.005275346055,0.01718928752,-0.01584791625,0.01611896391,0.0821308306,pass,0
5b47043942f4,0.502866,1.333876221,0.9963800935,1.00362647,52.38572502,0.00333189699,-3.101289901,27.51280078,173.7843432,0.002965117335,0.003238168228,0.00337707448,0.003209883912,0.00357078688,0.002965117335,0.1091394212,-0.001196698786,0.02685309441,0.2489182913,borderline,2
5d6239c0fd39,1.1025,1,0.9990473923,1.000953062,20.25732426,0.002365247184,-2.432502621,12.05827862,12.42769999,0.002005680928,0.002288624537,0.002072681668,0.002651752383,0.002934897157,0.002005680928,0.03400968256,-0.05068162456,0.01706405165,0.3935561437,pass,0
5db895d3f1fc,3.145728,1.333333333,1.008683027,0.9913545074,52.47615178,0.003705971694,-2.224942223,11.90048923,9.574845131,0.002121720186,0.003283132348,0.002725660039,0.007154375555,0.005452812509,0.002121720186,0.1147247457,-0.01767156565,0.01809598866,0.5687735749,pass,0
5de4615a5161,1.1025,1,1,1,20.07346939,0.002770827885,-2.468560529,11.16229324,14.22451123,0.002356389483,0.002791848725,0.002662038214,0.002724441796,0.002356389483,0.003449827528,0.04495231795,-0.015905922,0.01961384112,0.7310568663,pass,0
5f4a8c074bd5,1.1025,1,0.9990473923,1.000953062,20.25396825,0.002801547904,-2.742941031,13.05166344,18.73355789,0.002390129533,0.002413870745,0.00322867415,0.002467440284,0.002390129533,0.00330393385,0.04826859918,-0.1123512495,0.02142604717,0.7700181984,pass,0
5f6db235c04d,1.1025,1,1,1,19.90004535,0.002010012512,-2.452217622,10.30790514,6.475400726,0.001672528635,0.00197855548,0.001672528635,0.00245095719,0.002054397162,0.001949722581,0.002167352748,-0.0357251891,0.01751973646,0.9668192349,borderline,2
60aa4e649abf,5.067304,1.321756895,1.29637209,0.7420386104,9.186758876,0.003095069384,-2.162445162,3.623199,2.236630077,0.00250416648,0.00305800311,0.003521763296,0.003018888197,0.00250416648,0.003564285391,0.07890327176,-0.08057843273,0.01243937605,0.08298957165,pass,0
60edda7b4871,3.145728,1.333333333,1.009418532,0.9906256151,52.56099701,0.01334236873,-1.766289944,12.96211094,24.3608889,0.01148740647,0.013558525,0.01628065703,0.01430674989,0.01195089078,0.01148740647,0.03589075794,0.01296070414,0.01486425563,0.01608253557,pass,0
61d9c88a3a4b,3.145728,1.333333333,0.9985501995,1.001450852,52.40561167,0.003813548137,-2.185077253,9.656752783,17.7332136,0.002988714699,0.003871408939,0.003562223495,0.005258814906,0.004655382975,0.002988714699,0.05015824569,-0.002374116392,0.01801562904,0.288406949,fail,0
639915f58a2f,1.1025,1,0.9990473923,1.000953062,20.06947846,0.002651445692,-2.633448878,17.30383975,19.71402034,0.00164133329,0.002716155995,0.003752826118,0.00164133329,0.002185277612,0.003600133128,0.06037919036,-0.07428426485,0.02150528487,0.7793616678,pass,0
650104ede84c,1.1025,1,1,1,20.44535147,0.002425494531,-2.769757699,15.668412,18.13593075,0.00143440929,0.00212777535,0.00143440929,0.003635989475,0.004021410785,0.001575865351,0.04483567003,-0.1167098523,0.02248801545,0.5976581651,pass,0
66460ecab347,3.145728,1.333333333,1,1,52.67807643,0.04454557776,-1.768540797,16.60894841,113.2385836,0.02049007264,0.04257817978,0.09299278838,0.02779219125,0.02049007264,0.05362486377,0.03669379966,0.01891570842,0.01591374707,1.426086863,pass,0
66bfec8d6bcd,1.1025,1,0.9990473923,1.000953062,20.21977324,0.001330234805,-2.76851109,13.5990406,13.31664349,0.0009541493276,0.001228857014,0.0009921282676,0.001518585297,0.002173757349,0.0009541493276,0.03308179393,-0.08495711667,0.02058227601,0.5806200026,borderline,2
691eeb59b4cb,1.1025,1,0.9990473923,1.000953062,20.23845805,0.002866783321,-2.39150415,15.23211961,21.18872153,0.002546246924,0.002824799241,0.002878662451,0.003062764389,0.003012504647,0.002546246924,0.03405750746,-0.06123997187,0.01933782518,0.7400744396,pass,0
69f43381317b,3.145728,1.333333333,0.9985501995,1.001450852,52.39915848,0.002305502874,-2.566666625,12.63814352,9.080338571,0.00190674106,0.002240617369,0.002889096858,0.002578146186,0.001965436763,0.00190674106,0.0548407434,-0.02093435356,0.02034908063,0.1231473635,fail,0
6c30dd481717,0.502866,1.333876221,0.9981875853,1.001814059,52.39288399,0.003661179862,-2.764448253,13.80959434,58.20776314,0.003048918421,0.003735844338,0.00340855756,0.004238217412,0.003923847239,0.003048918421,0.0209772024,0.002545984302,0.02561368577,0.08145363409,borderline,2
6c3589d7ed8d,1.1025,1,1,1,19.62965986,0.003130752652,-2.841735373,20.00908663,46.8886002,0.001821931405,0.002382610566,0.004486417471,0.002708356984,0.001821931405,0.004275601095,0.07167588954,-0.1317490401,0.02812628512,1.840233928,pass,0
6c6505a0c637,3.145728,1.333333333,0.9992731238,1.00072714,52.5985082,0.02475560504,-1.909331274,14.4268553,45.45925076,0.01849425316,0.02613133597,0.02239552557,0.02576893964,0.03663567575,0.01849425316,0.0102567615,-0.008435895276,0.01689750358,0.8687417931,pass,0
6f460f9968c7,1.1025,1,1,1,20.55782313,0.002501801567,-2.622490632,13.53358968,22.96655716,0.002132299247,0.002359814271,0.002132299247,0.00280940754,0.002821471313,0.002370039149,0.03879571738,-0.08240957265,0.02047594186,0.4612661985,pass,0
6f689fced922,1.1025,1,0.9990473923,1.000953062,19.88789116,0.002329518036,-2.690318083,18.15571761,24.88443632,0.001659762739,0.002068599091,0.001659762739,0.002761751914,0.002810179855,0.002322491832,0.02657986244,-0.1158862364,0.02251344705,1.269536115,pass,0
7131bf4c9e6f,0.502866,1.333876221,1.223809191,0.7987728008,20.1612358,0.001883345895,-2.582686189,3.49837039,12.99829197,0.00179816174,0.001900048528,0.001860073034,0.00179816174,0.001853079257,0.002006526489,0.07125811013,0.01831115676,0.01164813246,0.1529333818,borderline,2
71c22da3d6c6,3.145728,1.333333333,0.9985501995,1.001450852,52.40914027,0.005686219295,-2.314508448,14.52634083,19.39751284,0.00380874425,0.006279104623,0.005765412047,0.009201288689,0.005648924062,0.00380874425,0.06557721357,0.06199429833,0.01959441464,0.1859621303,pass,0
77acc2cafee1,1.1025,1,1,1,20.51455782,0.002993578238,-2.613374533,20.79709942,46.18065052,0.001922226476,0.002578240208,0.003612217022,0.003191735652,0.001922226476,0.003692012978,0.02630025684,-0.118662218,0.02052545041,0.3006868441,pass,0
79ade634c633,3.145728,1.333333333,1,1,52.64736811,0.02787522849,-1.745809637,13.7496358,55.77043187,0.01809724733,0.03331205951,0.02650935039,0.04582120834,0.03738720956,0.01809724733,0.04633763515,0.002596117865,0.01536286505,0.5607602117,pass,0
7f2123bc89a3,0.502866,1.333876221,0.9945775066,1.005437235,52.31592512,0.002301990628,-2.690100548,5.927601675,17.22605057,0.001901392601,0.00208001385,0.002513994764,0.001946934262,0.001901392601,0.003168536752,0.06657830921,-0.06084667006,0.02111780492,0.2410472628,borderline,2
87d46b1cc4e9,3.145728,1.333333333,1.001456134,0.9985449256,52.71237691,0.04503600791,-2.024025969,16.93616566,83.50761501,0.02284811158,0.03147443763,0.08480510772,0.02577155395,0.02284811158,0.05911376878,0.03981089307,-0.06226804944,0.01610951789,3.70033747,pass,0
883c6a184f16,1.1025,1,1,1,20.43038549,0.002839274317,-2.383645917,16.5384251,17.35358249,0.001906918993,0.002891626302,0.001906918993,0.003752036756,0.003415639367,0.002731128552,0.05233650972,-0.05862387812,0.01973518083,0.3738935657,pass,0
8b079e79035f,1.1025,1,0.9990473923,1.000953062,20.29043084,0.001781780506,-2.178790465,7.725914359,13.30709665,0.00147259072,0.001847129119,0.00147259072,0.00200046977,0.002123319818,0.001622052029,0.01078391566,-0.003132852122,0.01345233007,0.7734428162,pass,0
8e2a3978c244,1.1025,1,1,1,20.00399093,0.001605089638,-3.048027058,13.09145343,16.31260636,0.001021670522,0.001098703718,0.002502493565,0.001092929018,0.001021670522,0.002177190326,0.02755682428,-0.155139391,0.02265041286,1.114681458,borderline,2
90bde2ff8953,1.1025,1,0.9990473923,1.000953062,20.15210884,0.002242740109,-2.331469564,11.78781269,10.24613826,0.002056150068,0.002194128308,0.002056150068,0.002307210677,0.002462458991,0.002182877561,0.02356482845,-0.03584225485,0.0192335544,0.8019783648,pass,0
a02dfd67a925,0.502866,1.333876221,1.223809191,0.7987728008,20.1632244,0.002235314808,-2.763865462,4.163546967,5.880308962,0.002114056518,0.002354926054,0.00224990758,0.002311627214,0.00226383827,0.002114056518,0.04601554131,0.025922312,0.01503318329,0.1392376056,borderline,2
a188c60b93fb,5.067304,1.321756895,1.29637209,0.7420386104,0.00148007698,0.0009769093217,-2.513727703,9.33917236,7.238095204,0.0007993156387,0.001015006195,0.001132273332,0.0008741604949,0.0007993156387,0.001198926432,0.09139002455,-0.4282635616,0.01659031179,0.2144959306,fail,0
ac1667fac512,1.1025,1,1,1,20.33251701,0.002579913843,-2.719687503,11.05306965,31.62666559,0.002207449007,0.002289404487,0.00284749925,0.002207449007,0.002654223895,0.002680695281,0.04574386132,-0.1103946657,0.02054599361,0.5855403525,pass,0
ae94ce412de9,5.067304,1.321756895,1.29637209,0.7420386104,0.0001776092376,0.002336047663,-2.09297824,4.334028276,1.839674126,0.002040291719,0.002437183747,0.002077441175,0.002616459959,0.002769738773,0.002040291719,0.1785749596,-0.08965868455,0.009903959437,0,pass,0
aec51513cf45,0.502866,1.333876221,0.9963800935,1.00362647,52.35271424,0.003137109188,-2.42245669,8.178775294,310.428606,0.002562587451,0.002869041709,0.004261375826,0.002879558538,0.002562587451,0.003150303335,0.03187909808,-0.03191413383,0.02391811425,0.2913164331,borderline,2
afc744fad65e,1.1025,1,0.9990473923,1.000953062,20.41986395,0.002470806636,-2.562790724,16.480374,19.45466755,0.001757482626,0.002506718945,0.003041456843,0.001757482626,0.001906191899,0.003484563654,0.06014974666,-0.05430098056,0.02151783449,0.435961526,pass,0
b0619ca93a5f,1.1025,1,1,1,19.97922902,0.00208831248,-2.523036466,10.03492613,9.613397795,0.001838357445,0.002038288205,0.002325784489,0.001838357445,0.001986593777,0.00227700473,0.05135120429,-0.04270777455,0.01980881087,0.9163153784,pass,0
b200c23b299b,1.1025,1,1,1,20.38077098,0.004812302227,-2.542611252,21.22498343,50.57858506,0.004323160011,0.004323160011,0.004868252153,0.004346578029,0.004626092582,0.00551194112,0.03978369497,-0.08293727773,0.01941583778,0.456822837,pass,0
b46b09a45f39,1.1025,1,0.9990473923,1.000953062,19.88453515,0.001845880588,-2.905563742,12.51836348,11.29657366,0.001071758487,0.001385871893,0.001071758487,0.002388840105,0.001976616442,0.002196023945,0.03247856297,-0.175235482,0.02064507312,1.309674359,borderline,2
b5a3ca5c0a80,1.1025,1,1,1,20.20816327,0.002190055161,-2.806688999,17.43248345,34.30857036,0.001493253108,0.001927668954,0.001638800217,0.003143959126,0.002996076726,0.001493253108,0.02909276637,-0.1046116526,0.02372049245,0.84141843,pass,0
b9519abce0c1,0.502866,1.333876221,0.9963800935,1.00362647,52.21371101,0.001265415907,-2.646986034,6.689150672,0.9049228283,0.001051949349,0.001455304254,0.001576094046,0.001263680133,0.001051949349,0.001214873053,0.09313858405,0.1992456227,0.02945295336,0.1385762023,borderline,2
ba2ea9182090,1.1025,1,1,1,20.40117914,0.003076531602,-2.676442273,13.94136993,25.09376483,0.002458320246,0.002619982473,0.002691029849,0.002458320246,0.003189709991,0.004204121265,0.06294744927,-0.07760918953,0.02028743614,0.4967085509,pass,0
bc34f52c37c7,3.145728,1.333333333,0.9992747054,1.000725558,52.4216334,0.002326881973,-2.365335842,10.79373096,5.046664324,0.001524130437,0.002173216323,0.002765042842,0.002132209876,0.001524130437,0.002837289445,0.03337122226,0.007558495339,0.0180229897,0.1083059506,fail,0
bcb0498ed2c1,5.067304,1.321756895,1.29637209,0.7420386104,8.827889544,0.004881333086,-2.241145549,3.658408004,2.361394718,0.003987946903,0.004777299098,0.005672046177,0.006089010258,0.003987946903,0.004314276426,0.09496289901,-0.08430392573,0.008243094103,0.0911261723,pass,0
be197b663520,1.1025,1,1,1,20.33052154,0.002984387224,-2.978281691,14.16474386,24.5999746,0.001591390741,0.002337027712,0.001591390741,0.004738402787,0.003560487372,0.003021702827,0.04343267526,-0.1773231702,0.0204705755,0.8410029646,pass,0
bfa30ebf63a8,1.1025,1,1,1,19.67800454,0.002358175899,-2.645754758,14.5061137,20.11015574,0.001635054962,0.002310507085,0.00166113314,0.003398952774,0.003435174745,0.001635054962,0.02699097437,-0.05177008158,0.02095400933,1.374851787,pass,0
c1819db0aece,1.1025,1,1,1,20.32154195,0.002838468782,-2.393779007,11.03262627,10.87285397,0.001814887034,0.002639451948,0.001814887034,0.004573374531,0.003035704424,0.002618004276,0.03472773575,-0.08635218926,0.01650805975,0.3647312611,pass,0
c5a0e84e955d,3.145728,1.333333333,1,1,52.54602432,0.01673807866,-1.849168567,12.36533942,32.80347882,0.01389627565,0.01863852261,0.01423350054,0.02076002058,0.02303518707,0.01389627565,0.01008820879,0.001189626544,0.01535523193,0.07415728982,pass,0
c6916bc42016,1.1025,1,0.9990473923,1.000953062,20.45396825,0.003298112861,-2.703616436,22.803156,57.92364103,0.002637429514,0.002657115153,0.002637429514,0.004582374864,0.003915507425,0.002650585119,0.03497832246,-0.1333185134,0.02290971394,0.5878026671,pass,0
d4583e9525dc,3.145728,1.333333333,1.001455074,0.9985459835,52.68176397,0.07169240087,-1.676780325,18.03611879,198.3645303,0.04446043557,0.08081428221,0.1041734933,0.08618000069,0.04446043557,0.06173759217,0.03075502892,0.0301181157,0.01625843628,6.503178025,pass,0
d667af5742f6,1.1025,1,1,1,20.19147392,0.001060335982,-2.868848392,7.154391323,3.884635986,0.0005620699967,0.000957247155,0.001163525271,0.0005620699967,0.0006612871238,0.00228237691,0.04531193196,-0.06337933064,0.01822199883,0.7130444863,fail,0
d6b109c82067,1.1025,1,1,1,19.77460317,0.002465687833,-2.333129802,14.04685417,11.52035061,0.001898834447,0.002471318565,0.001898834447,0.002835388415,0.002800444401,0.002468391053,0.03367394496,-0.04977103746,0.01993470926,1.344624273,pass,0
d7ac4a0c9760,1.1025,1,0.9990473923,1.000953062,20.21823129,0.001789076268,-2.47130587,10.47255656,6.756608738,0.001386620909,0.001617754581,0.002170894935,0.001464173727,0.001386620909,0.002341312509,0.04016420749,-0.06749045432,0.01969953483,0.6135785374,borderline,2
d7bc62d60e8c,5.067304,1.321756895,1.29637209,0.7420386104,0.003611387831,0.001911893927,-2.066608494,4.824526146,0.6018004865,0.001645174945,0.001896268022,0.001788221535,0.002216694441,0.002096343277,0.001645174945,0.08736517297,-0.211096924,0.010409395,0.1526310503,borderline,3
d865997a6280,3.145728,1.333333333,1,1,52.53464381,0.003832280051,-1.989030687,9.917287458,6.292078434,0.002272176164,0.00336497693,0.002678545752,0.007131845742,0.00584169883,0.002272176164,0.09098967466,-0.07880946031,0.01478341041,1.594970569,pass,0
d91635f380b4,3.145728,1.333333333,1,1,52.66103745,0.04212178474,-1.471972659,14.98173348,80.28955299,0.03422964261,0.04392293141,0.03754483839,0.03422964261,0.04298721358,0.05401204624,0.01273493014,0.01800099357,0.0146354761,0.01544500069,pass,0
d9ad2a0ec026,1.1025,1,0.9990473923,1.000953062,20.44897959,0.001521810729,-2.232948154,7.353702809,4.635571347,0.001319671842,0.001490419688,0.001319671842,0.00179385286,0.001576859304,0.001442595086,0.01599168197,-0.03383741809,0.01453111006,0.5631377915,borderline,2
da3a2275c850,1.1025,1,1,1,20.37414966,0.003575302544,-2.338712802,20.05913475,44.00001058,0.002742686924,0.003979394881,0.002742686924,0.004701602654,0.004291956574,0.003022305787,0.04073521424,-0.003950207184,0.02249756108,0.6893919977,pass,0
dd3176bacfe2,0.502866,1.333876221,1.223809191,0.7987728008,20.16859362,0.001491671142,-2.408586732,1.393844578,1.187253504,0.00127111868,0.001788946726,0.002104694134,0.00127111868,0.001292466674,0.00152237423,0.06041882199,0.03536709432,0.01406711989,0.148463675,fail,0
de38adaae009,5.067304,1.321756895,1.29637209,0.7420386104,0.002624669844,0.002976267222,-1.782867329,3.168616412,0.788974508,0.002839116808,0.003063440585,0.002856155181,0.003120992483,0.003108030476,0.002839116808,0.03837054646,-0.1867989608,0.008730422831,0.0001776138994,pass,0
de55ed25e0e8,1.1025,1,1,1,20.39229025,0.003083134462,-2.688984871,17.28138853,23.91426577,0.001957719631,0.002765557589,0.001957719631,0.004123030183,0.003951856066,0.002932637598,0.04343722064,-0.1208823268,0.02147592006,0.6191357849,pass,0
dee1031a76ae,0.502866,1.333876221,1.223809191,0.7987728008,20.21313829,0.001430139872,-2.8531781,3.520398739,2.784418878,0.001117109002,0.001578010492,0.001188730197,0.001117109002,0.001737125982,0.001801632539,0.1849835599,0.03299130384,0.01596416247,0.1664917838,borderline,3
dee31065f8fe,1.1025,1,0.9990473923,1.000953062,20.17179138,0.003352732523,-2.741123586,16.06086944,35.85842356,0.002368751996,0.002939638203,0.004686414142,0.002368751996,0.002824451008,0.004193087335,0.05930889306,-0.1096867143,0.02243109533,0.8283093173,pass,0
df0886f1e76b,3.145728,1.333333333,0.9985522984,1.00144875,52.37582525,0.003131136041,-2.452895486,11.77557677,7.309410075,0.002008459318,0.002632078641,0.004537485565,0.002967576359,0.002008459318,0.003144252103,0.08325870003,0.007252481955,0.01915256206,0.2896283159,pass,0
e067b06fd655,1.1025,1,1,1,20.04,0.002835109953,-2.589901486,10.41860976,11.13333525,0.002231298421,0.002574423117,0.002860380591,0.002258132057,0.002231298421,0.004624197474,0.05568304591,-0.07544043595,0.01880463871,1.123691097,pass,0
e47770a2e5d1,5.067304,1.321756895,1.29637209,0.7420386104,9.149085983,0.003895405537,-2.260213807,4.570882331,2.402884244,0.003043631827,0.00384505347,0.003554090703,0.005593205586,0.004100979618,0.003043631827,0.02794902238,-0.1077281228,0.009318229904,0.1257469005,pass,0
ef81cd8854cb,1.1025,1,1,1,20.3784127,0.002978292857,-2.653142977,15.01078381,18.77877657,0.002200631863,0.002672494453,0.003493984446,0.002200631863,0.002699155586,0.003924042418,0.04305940714,-0.1012589868,0.02103295485,0.5200335373,pass,0
f02956bd7c50,3.145728,1.333333333,1,1,52.54869461,0.006242471624,-2.127957974,11.50492166,12.37592733,0.005160388443,0.006472298936,0.007968573562,0.006939645055,0.005160388443,0.005252832764,0.04797309089,0.01297695489,0.01571121785,0.1227315268,pass,0
f3b27ac2d371,1.1025,1,0.9990473923,1.000953062,20.20634921,0.002154651689,-2.648212268,12.89421979,16.06054083,0.001252325592,0.002009625976,0.002920968028,0.001740464576,0.001252325592,0.003331769012,0.04341165978,-0.08425746281,0.02056022996,0.5817727131,pass,0
ff4955e76894,4.194176,1.391705069,1.277981271,0.7560679223,16.55903329,0.001251174119,-2.717630985,5.09799979,3.18165796,0.0009301389048,0.001174417348,0.001170244415,0.0009301389048,0.001331923806,0.001756329557,0.06480756332,-0.08075892637,0.0119258848,0.1367561029,pass,0
00cb6555d108,4.194176,1.391705069,1.278473544,0.7556893678,16.52129048,0.001239296905,-2.611681414,3.83174852,2.55943553,0.0009332794331,0.001197987492,0.0009332794331,0.001059421687,0.001486243681,0.001579323372,0.06124643621,-0.02774229089,0.0100527658,0.1286114307,pass,0
059bc89df7f4,4.194176,1.391705069,1.277488845,0.7564467613,16.65767006,0.00192175069,-2.629810765,7.61249591,5.438902043,0.001352648928,0.001880671249,0.001730824934,0.001352648928,0.002330669066,0.002522631654,0.06989405993,-0.032382237,0.01208238745,0.03604609781,pass,0
07a1c7073982,5.067304,1.321756895,1.29637209,0.7420386104,4.441217657,0.00487375235,-2.562978875,8.086849667,17.45913507,0.004697653189,0.004707693246,0.005247075654,0.00480302125,0.004697653189,0.004765135165,0.05936013702,-0.1100900165,0.008683615417,0.2371622802,pass,0
086d41d17da8,2.260744,1.504078303,1.219099983,0.8025855511,28.26830459,0.0007066560771,-2.964628388,4.209792296,4.665834283,0.0006043829095,0.000684661564,0.0006043829095,0.000618268923,0.0008129671422,0.0008495368135,0.07808755827,-0.06683401603,0.01398780447,0.3260836052,pass,0
0d310aba6373,5.067304,1.321756895,1.29637209,0.7420386104,1.51289522,0.004028281967,-2.102513574,9.863529351,6.852558858,0.003517310977,0.004080036221,0.004634166291,0.003645617926,0.003517310977,0.004534218761,0.03405203662,-0.2176417243,0.01020404284,0.2264638951,pass,0
0dc031c94225,4.194176,1.391705069,1.277981271,0.7560679223,16.54983005,0.001573079,-2.905248394,6.134584053,6.61388912,0.001128697851,0.001420280153,0.001128697851,0.001397796773,0.00236772292,0.001612242792,0.03198735885,-0.05694095077,0.01173000268,0.1325696484,pass,0
111898ab463d,4.194176,1.391705069,1.279949454,0.7545554087,16.54839949,0.002058714181,-2.549772096,5.660265641,28.84638286,0.001612038103,0.001986824643,0.001612038103,0.001796206496,0.002372861258,0.002649272764,0.02922885429,-0.02318785643,0.01004447395,0.1669663242,pass,0
12e3f5f2cb17,4.194176,1.391705069,1.279457636,0.7549331113,16.47358146,0.001055333571,-2.564659733,3.566194707,1.789863178,0.0008120811302,0.001032164024,0.0009920094571,0.0008120811302,0.001147812607,0.001348196171,0.03449376484,-0.04430235557,0.009000832488,0.211603813,pass,0
18b06f56ab27,8.768144,1.309119011,1.195683533,0.8217909274,24.70928853,0.0008359107655,-2.339472531,3.468380936,0.4615151079,0.0007527156588,0.000762152457,0.000842903039,0.000957474071,0.0007527156588,0.0008059780698,0.02193574169,-0.0904826467,0.01003696329,0.05700135028,fail,0
19722bff5a09,4.194176,1.391705069,1.279457636,0.7549331113,16.49141572,0.0008483430411,-2.827992246,5.398825363,4.62449116,0.0006379039345,0.000858862076,0.000691159089,0.0006379039345,0.00112361734,0.001026252184,0.06524099776,-0.02448268471,0.01202378821,0.1469523029,pass,0
1b329a127307,5.067304,1.321756895,1.29637209,0.7420386104,6.499985002,0.003234167073,-1.854433006,3.089496336,0.7669700554,0.002646931908,0.003249946943,0.002664217311,0.002646931908,0.003651922821,0.004581762357,0.1716080259,-0.003642721921,0.008864002066,0.03218705215,pass,0
274f5029189b,4.194176,1.391705069,1.278473544,0.7556893678,16.59057703,0.001607211594,-2.402569134,5.482145056,5.149424117,0.0009669480187,0.001560066335,0.001264462684,0.0009669480187,0.002451875628,0.002239732487,0.03863734768,-0.03398156181,0.01031176445,0.04622194882,pass,0
27e4c800a449,4.194176,1.391705069,1.276996268,0.7568258851,16.64489044,0.002807622265,-2.818272112,7.077840843,10.98916165,0.001834005836,0.002649207857,0.003162970842,0.001834005836,0.003246093165,0.00349885196,0.04522396323,-0.06416037492,0.01119603657,0.07265321533,pass,0
29b52f64d2db,5.629824,1.489711934,1.164830447,0.8477380053,45.13920861,0.0007878121983,-3.064897602,4.810689089,5.313156564,0.0005725582705,0.0007099918197,0.0007811803717,0.0005725582705,0.0006135773346,0.001558543563,0.06808410908,-0.08869639631,0.0139407168,0.1679096383,pass,0
2f2e1949ad56,4.194176,1.391705069,1.279949454,0.7545554087,16.54332102,0.0009965917639,-2.699911534,3.156805673,2.489039398,0.0006273064284,0.0008891509359,0.0006273064284,0.0008758872465,0.001785334031,0.0009631407913,0.04417073685,-0.08277942067,0.01007833928,0.1482150203,pass,0
30941b65348b,4.194176,1.391705069,1.279457636,0.7549331113,16.44609096,0.0005358111884,-2.764381553,3.919545345,1.604572802,0.0004648570197,0.0005231137845,0.000501774462,0.0004648570197,0.0005715965443,0.0006298370576,0.06824904023,-0.02918594099,0.01190724471,0.178975105,borderline,2
30cab14951ac,4.194176,1.391705069,1.277488845,0.7564467613,16.6434122,0.00420131049,-2.491642102,6.150908732,10.07775289,0.003273080558,0.004006871676,0.003657001708,0.004792388534,0.005408436596,0.003273080558,0.03177279267,-0.01527442369,0.009697958012,0.05005546145,pass,0
358d2224de73,8.768144,1.309119011,1.194534366,0.8227441311,24.72041974,0.0008803805451,-2.771717591,3.07524784,1.13269681,0.0006122608334,0.0007847559879,0.000782102491,0.0006122608334,0.0009648880359,0.001251750588,0.03131392083,-0.08399398394,0.009101829694,0.07535653458,borderline,2
35aa7f5c2ec0,4.194176,1.391705069,1.277981271,0.7560679223,16.6027129,0.001421309924,-2.575758796,4.144991472,3.047036958,0.001190880836,0.001264094596,0.001225795261,0.001190880836,0.001574775915,0.001791385046,0.01741370167,-0.06555882021,0.009565239988,0.1124983525,pass,0
365f8c01d994,1.1025,1,1,1,20.30068027,0.001850113433,-2.341899529,11.34603452,21.01205052,0.001582935933,0.001851392157,0.001582935933,0.002086621811,0.002144541675,0.001659444841,0.002448660139,-0.03697140892,0.01788605968,0.7968725994,pass,0
36677b70b1ef,4.194176,1.391705069,1.285349461,0.750419321,16.46299535,0.0005823440091,-2.686965852,3.338379134,2.485004235,0.0004791053248,0.0005484820099,0.0005402319816,0.0004791053248,0.0006531371345,0.0006831698348,0.03122634789,-0.05869658606,0.01118096369,0.1459033607,borderline,2
4661006f3ba6,4.194176,1.391705069,1.277488845,0.7564467613,16.59107772,0.001450478629,-2.564673635,3.791307518,3.196749065,0.0009271481833,0.001282078795,0.0009271481833,0.001825339954,0.0018402491,0.001310426616,0.009549799718,-0.04990036962,0.00996384716,0.118314035,pass,0
4aa07d720638,4.194176,1.391705069,1.278965666,0.7553110976,16.50719951,0.0005635006928,-2.780909932,3.269005633,1.150055827,0.0004584157425,0.0005098415521,0.0004584157425,0.0005180036323,0.0008600660973,0.0004759283602,0.03132750282,-0.08430403781,0.01117039517,0.1544904314,borderline,2
4dd9d29eae5d,5.067304,1.321756895,1.29637209,0.7420386104,0.02861482161,0.003774131802,-1.686793614,2.552400978,0.5873531479,0.002597173628,0.003771368963,0.002597173628,0.003186851489,0.005293127498,0.005314225392,0.09139432333,-0.1170253186,0.006528917027,0.005941742498,fail,0
4e6071b73120,2.260744,1.504078303,1.214032658,0.8067066511,28.45541114,0.001343101629,-2.898366349,3.837399389,2.732298731,0.001262917195,0.001262917195,0.001321490554,0.001357857781,0.001339147709,0.001349154804,0.004139986732,-0.03507716534,0.01070058331,0.1111633198,pass,0
51131b48f9d4,4.194176,1.391705069,1.278473544,0.7556893678,16.56933329,0.0007581728918,-2.980633291,8.052829418,9.40543896,0.0004987246305,0.0006983257921,0.0007311398938,0.0004987246305,0.0007834934071,0.001228364939,0.05766852019,-0.1621925787,0.01404450098,0.1080523738,pass,0
5347b4c8e9b3,5.067304,1.321756895,1.29637209,0.7420386104,0.36107958,0.003838784553,-2.222203667,6.893485866,5.01068901,0.003340123963,0.00381899389,0.004453389358,0.003574119321,0.003340123963,0.004176314019,0.03270443089,-0.1927513785,0.00810771786,0.3036834768,pass,0
5633ced07d8e,4.194176,1.391705069,1.278965666,0.7553110976,16.50049974,0.000596186684,-2.949218267,3.630873877,1.128195969,0.0003535618651,0.0005515004366,0.000479685035,0.0008034152767,0.00089957915,0.0003535618651,0.04354578386,-0.06198564716,0.01026840818,0.1131030497,borderline,2
582115961a3d,4.194176,1.391705069,1.277981271,0.7560679223,16.57240898,0.001524020951,-2.724998199,5.717826512,6.327968634,0.001007127713,0.001515282402,0.001677586114,0.001007127713,0.001331010387,0.002755979962,0.06052853099,-0.09095264125,0.01168792729,0.1035694893,pass,0
5879285f9d8d,5.067304,1.321756895,1.29637209,0.7420386104,9.216498556,0.001594372605,-2.289753851,5.939522362,1.448382526,0.001390385134,0.00161829344,0.00186325144,0.00179296172,0.001390385134,0.001423362663,0.1043559974,-0.1549750106,0.01260236486,0.024759384,pass,0
59e5212f7139,4.194176,1.391705069,1.280932636,0.7538008533,16.38157292,0.0008423559762,-2.569273591,2.975673455,1.552908066,0.0006166753844,0.0008099843876,0.0006166753844,0.0007739815149,0.001103238616,0.0009020690439,0.03067953186,0.04124929848,0.01063908238,0.2692249788,borderline,2
5b068765e846,4.194176,1.391705069,1.277488845,0.7564467613,16.62867748,0.002434285093,-2.754853234,7.144541842,7.145409672,0.002041786214,0.002220065934,0.002041786214,0.002639393703,0.002788940934,0.002279546373,0.006379724864,-0.05771248345,0.01231951447,0.04916007481,pass,0
5b0e53f53ef3,4.194176,1.391705069,1.276996268,0.7568258851,16.71071982,0.00350335923,-2.452368856,6.872261982,9.746646253,0.002771319996,0.003464231868,0.003615358803,0.002771319996,0.003743092476,0.004161723984,0.01561395082,-0.02720194884,0.01041811025,0.0009160395374,pass,0
5efa24b03d5e,5.629824,1.489711934,1.168490526,0.8446209148,45.1081064,0.0008380187815,-3.13110406,7.833673292,6.583919482,0.0006626085566,0.0007873165285,0.0006626085566,0.0006929174311,0.001210355836,0.0009117096158,0.08666155851,-0.06214125567,0.01768444283,0.3452720223,pass,0
613bacb35c05,4.194176,1.391705069,1.277488845,0.7564467613,16.58161222,0.001008286909,-2.70129993,3.988566149,2.305902845,0.0006838865316,0.0009586788772,0.001044695518,0.0006838865316,0.0010471263,0.001454920124,0.0388481061,-0.1189865589,0.0101861348,0.0864317575,pass,0
6165081b9021,4.194176,1.391705069,1.277488845,0.7564467613,16.57734439,0.001375456861,-2.444697991,4.396688615,3.219279694,0.0008777390417,0.001305841284,0.0008777390417,0.001520228077,0.001867143419,0.001359494515,0.0236200068,-0.01089390088,0.009454471081,0.08028253508,pass,0
61bbe8db6f3a,4.194176,1.391705069,1.278965666,0.7553110976,16.52310251,0.001437784741,-2.626710177,4.149527759,3.581884602,0.0009753878011,0.001413984484,0.001068551656,0.0009753878011,0.001904883983,0.002194320646,0.06499031823,-0.03444365805,0.009917381287,0.1565477578,pass,0
6298468d7d75,8.768144,1.309119011,1.197056156,0.8206536952,24.87277809,0.001870912679,-2.097750036,4.08129369,0.792475195,0.001240339599,0.001802962065,0.002168801194,0.001240339599,0.001728287894,0.002763651877,0.02441559969,-0.03829702299,0.008175696019,0.04079084136,borderline,2
64678182d8a8,4.194176,1.391705069,1.278473544,0.7556893678,16.53125668,0.001562999394,-2.372815826,4.682515638,4.226381076,0.001123536216,0.001468418361,0.001243865072,0.001123536216,0.002150081577,0.001983592243,0.02955651579,-0.01094769704,0.01070967043,0.1285696576,pass,0
6b07971c3bf6,0.502866,1.333876221,1.223809191,0.7987728008,20.17654803,0.001706313952,-2.660352016,2.230081236,32.86755741,0.00130765209,0.001659999213,0.001811726591,0.001449561386,0.00130765209,0.00278008817,0.07570233971,-0.006370077256,0.01351434427,0.135523972,borderline,2
7335a2d43ada,12.212224,1.505617978,1.293179945,0.7444571443,27.98513195,0.001055843653,-2.75120029,3.734135297,2.056670247,0.0005686219434,0.001056908964,0.001017484461,0.0005686219434,0.001302340377,0.001780431451,0.04992338269,-0.05458449568,0.01004134357,0.01903437068,pass,0
7427dedafccf,12.212224,1.505617978,1.297167795,0.7414368195,28.15723819,0.0005830108589,-2.527640327,2.144120631,0.6741591092,0.0003095890554,0.0004852155104,0.0003095890554,0.0004428852416,0.001336136858,0.0004793366249,0.09405227141,-0.05877620537,0.008043170678,0.07441643959,borderline,2
756b0d6488bb,4.194176,1.391705069,1.279949454,0.7545554087,16.53483306,0.0009147551675,-2.779454632,3.779098581,2.391573444,0.0006432593622,0.0008247685449,0.0009318597535,0.0006432593622,0.0009982134909,0.001247672618,0.0521862012,-0.1100303023,0.01161613925,0.1599119713,pass,0
76be29bb30b2,4.194176,1.391705069,1.277981271,0.7560679223,16.5728143,0.001374798493,-2.711872185,5.279296855,5.72744286,0.00117853583,0.001292282548,0.00117853583,0.001309913862,0.001632101468,0.001396722273,0.04595716117,-0.06205968309,0.01249064477,0.1312058045,pass,0
76e589911303,4.194176,1.391705069,1.279457636,0.7549331113,16.46409211,0.000818825501,-2.553497553,3.273657393,1.279607776,0.000580332703,0.0007762049493,0.0007959502795,0.000580332703,0.0009117776132,0.001075586368,0.0531132859,-0.0008546804119,0.009891289239,0.1150516762,borderline,2
77a9538b8362,4.194176,1.391705069,1.278473544,0.7556893678,16.54768422,0.002456968098,-2.380830613,5.983359042,7.519850496,0.00150822124,0.002335520321,0.00150822124,0.002370025492,0.003687386576,0.002697515467,0.0809610192,-0.02625720253,0.01070400221,0.1466799728,pass,0
7ae69d22075a,1.1025,1,1,1,20.37723356,0.002726102303,-2.515653403,13.36900739,18.74699646,0.002320415951,0.002725949296,0.002787640813,0.002784913087,0.002320415951,0.003068821414,0.04425902498,-0.07023265309,0.02039357507,0.5295947672,pass,0
7ea756985353,4.194176,1.391705069,1.277488845,0.7564467613,16.65278233,0.002070241743,-2.69321158,5.91932617,5.806772738,0.001754290674,0.001975679495,0.001754290674,0.001949007209,0.002217485037,0.002437640122,0.05015831976,-0.07883200972,0.01098650752,0.03255401091,pass,0
7f60f2a083d3,4.194176,1.391705069,1.278473544,0.7556893678,16.53061293,0.001180578385,-2.557917853,3.227722835,2.206508746,0.0007583852883,0.00110744957,0.0007583852883,0.001165146328,0.002224420617,0.0008900726513,0.03052558701,-0.01918723166,0.009146970982,0.09126347207,pass,0
80a02014b418,5.629824,1.489711934,1.164920627,0.8476610754,45.16675832,0.002046814411,-2.884085725,6.942356655,11.3431819,0.001386998928,0.001984277946,0.001723121323,0.001386998928,0.002840701725,0.002837154688,0.06097125369,-0.05019081995,0.01432310121,0.2475206632,pass,0
8114d6a160df,12.212224,1.505617978,1.29665857,0.7418218966,28.12809526,0.001171955521,-2.503802389,3.522710726,2.338911709,0.0006644143116,0.00120912871,0.0008832054793,0.0006644143116,0.001529227071,0.002091307309,0.07919375727,0.005872981271,0.008471081104,0.03992180612,pass,0
821789e9053f,1.1025,1,1,1,19.93251701,0.002718744875,-2.771398821,16.6606025,155.8006543,0.00220248437,0.002782329935,0.002926870339,0.00220248437,0.002871680076,0.002971369502,0.04983951197,-0.06024836715,0.02114101094,1.140421232,pass,0
8273fdb4405e,4.194176,1.391705069,1.278473544,0.7556893678,16.50617428,0.0008942061189,-2.540152833,4.013629572,2.756190727,0.0006803898382,0.000884509704,0.0006889993445,0.0006803898382,0.001140965107,0.001180824643,0.02676413846,-0.02302467358,0.0118695929,0.1613991121,pass,0
849a91e9ab28,4.194176,1.391705069,1.278965666,0.7553110976,16.48824465,0.001805476645,-2.584010861,5.626061119,8.845090678,0.001414117036,0.001691196873,0.001414117036,0.001872414682,0.001939899888,0.002026796198,0.009120655606,-0.03387919253,0.01130013827,0.08742002438,pass,0
8676427e4625,5.067304,1.321756895,1.29637209,0.7420386104,0.1304243835,0.002981393192,-2.214077275,9.595234782,4.417146141,0.002172052755,0.00296055219,0.002172052755,0.003116742646,0.004108371743,0.003107333665,0.1186872898,-0.2488891322,0.008417349807,0.2632444753,pass,0
89ed6a0dd53f,4.194176,1.391705069,1.278965666,0.7553110976,16.49272706,0.0009204261587,-2.963615011,6.21581038,12.8179154,0.000794888129,0.000885700183,0.000794888129,0.0008335561516,0.001054071072,0.001028576523,0.03650083381,-0.03018272943,0.01311756277,0.1696530592,pass,0
8a25a080f28f,2.260744,1.504078303,1.216930158,0.804347861,28.22247897,0.0005067030555,-2.987141177,6.290352398,8.714632132,0.0004543183212,0.0005132169725,0.0004934265526,0.000556440799,0.0004543183212,0.0004857899022,0.08490055546,-0.1257158067,0.01502931799,0.2629558281,pass,0
8f2996b8d855,4.194176,1.391705069,1.278473544,0.7556893678,16.51640275,0.000738224538,-2.774751119,4.008156226,2.571679326,0.0005325089899,0.0006589049276,0.0005325089899,0.0006435363012,0.001207277616,0.0006895512655,0.0396480881,-0.09099396528,0.01478471197,0.1628468671,pass,0
8fc09fecd22f,4.194176,1.391705069,1.278473544,0.7556893678,16.49928377,0.0008716385611,-2.808412163,4.385012411,3.621896589,0.0006008820701,0.0008216616156,0.0006868080251,0.0006008820701,0.001127848265,0.001249084182,0.04935547433,-0.03654614039,0.01212586215,0.1789463495,pass,0
8ff863f8874f,5.067304,1.321756895,1.29637209,0.7420386104,9.867179865e-05,0.001424200009,-2.153978395,1.722717244,0.6895046761,0.001092506161,0.001393792719,0.001808695209,0.001092506161,0.001210524811,0.001931608548,0.02727903345,-0.1821743223,0.004795153848,0.002447063021,fail,0
94372043d55b,4.194176,1.391705069,1.277488845,0.7564467613,16.64317377,0.001370835809,-2.633285621,4.628416161,4.468755348,0.0008299848006,0.001271589475,0.0008299848006,0.001261851585,0.002392195457,0.001362055277,0.05293255245,-0.05583063947,0.01061733145,0.06607302013,pass,0
94b1d8ad35ec,1.504,1.504,1.247968513,0.7794680698,26.41156915,0.006359509976,-1.704696508,6.466744604,3.206596882,0.005737217683,0.006143043991,0.006302903853,0.005737217683,0.006534283265,0.006944226206,0.05957320506,-0.04010233641,0.01218493225,0.1301083333,pass,0
98fbe56dcc2c,4.194176,1.391705069,1.278473544,0.7556893678,16.66649182,0.002732275929,-2.627052621,7.81484668,17.83949421,0.002168548904,0.002665724382,0.002956368237,0.002255572755,0.002168548904,0.004314875605,0.03730072759,-0.05770487126,0.01110677519,0.05129959939,pass,0
99132193eaa0,4.194176,1.391705069,1.278965666,0.7553110976,16.46025346,0.001190060804,-2.769312539,4.274013315,6.07422918,0.0008944792111,0.001119136537,0.0009562290623,0.0008944792111,0.00158128574,0.001475897561,0.04174584216,-0.03616814742,0.0115347981,0.1563729021,pass,0
99ecdb41d5e7,8.768144,1.309119011,1.196338563,0.8212480488,24.8834531,0.002368586863,-2.132057404,4.455227303,1.327759918,0.002090026358,0.002195338059,0.002112477264,0.002090026358,0.002637254388,0.002696679,0.01156582317,-0.06135051485,0.008169489356,0.03229417549,pass,0
9eaf735cf01f,4.194176,1.391705069,1.278473544,0.7556893678,16.54916246,0.0008571823562,-2.509095758,2.597979524,1.988448408,0.0004628013111,0.0007778775728,0.0004628013111,0.0009197669271,0.001371610197,0.0008007551866,0.03966623266,-0.08552519595,0.008362690533,0.1543966915,pass,0
9ed666e982cd,4.194176,1.391705069,1.280441121,0.7541779894,16.49036664,0.0006241680469,-3.410135742,4.975863637,44.76605544,0.0003858170953,0.0006137063586,0.0003858170953,0.0005658353351,0.001247463119,0.0004040740241,0.01480756857,-0.1139532112,0.01372536436,0.1474358187,borderline,2
a00b4cb250a7,4.194176,1.391705069,1.276996268,0.7568258851,16.68144112,0.002519543696,-2.33000772,5.270443387,6.603026739,0.001560671312,0.002495086256,0.001560671312,0.00247655076,0.003706340258,0.002730226616,0.01989809775,-0.01380120067,0.00946104479,0.09294533996,pass,0
a2696f444ecb,4.194176,1.391705069,1.277981271,0.7560679223,16.60023328,0.003466747062,-2.388916385,5.735259218,8.13058366,0.002895497434,0.003383732141,0.003016466977,0.002895497434,0.003926009375,0.004425508904,0.01784874581,-0.01550143325,0.009319374853,0.1360803652,pass,0
a3ad6c2db6f1,4.194176,1.391705069,1.277981271,0.7560679223,16.56814116,0.001084250904,-2.639988224,3.775858958,2.40946763,0.000672935282,0.001021036505,0.0009927827076,0.000672935282,0.001066484084,0.002006234286,0.050150478,-0.04448667137,0.01026081405,0.1327416305,pass,0
a3d2a0c4cd17,4.194176,1.391705069,1.278473544,0.7556893678,16.52605899,0.00131104392,-3.006414387,4.854600611,8.203560404,0.0009469954774,0.001224075411,0.0009469954774,0.001401648386,0.00168654326,0.00124712981,0.06422156614,-0.04615118978,0.01288074434,0.1481272443,pass,0
a75bab2463d4,4.194176,1.391705069,1.279949454,0.7545554087,16.57097842,0.0007253535579,-2.855875881,8.87678531,7.92796249,0.0004692246322,0.000678021449,0.0005021944857,0.0004692246322,0.001161908811,0.0009653787327,0.04894909785,-0.08387672517,0.01319190152,0.1863875902,pass,0
a77dbec966d4,5.067304,1.321756895,1.29637209,0.7420386104,7.340056961,0.004170761142,-2.272750316,10.89617733,10.69229014,0.004006710533,0.004251568171,0.004294711977,0.004006710533,0.004009551223,0.004338572434,0.07340163053,-0.08749872598,0.01167615865,0.3471298586,pass,0
a8c950a99107,4.194176,1.391705069,1.276996268,0.7568258851,16.64446127,0.002231809924,-2.664367889,4.503035902,5.370828796,0.001779468225,0.002005217239,0.001779468225,0.002504298973,0.002904929335,0.001787633173,0.02433821834,-0.03151412944,0.009530411988,0.04871172783,pass,0
b4f41b5bf0ef,4.194176,1.391705069,1.278965666,0.7553110976,16.53316408,0.001627329689,-2.642093461,4.771650983,5.000880946,0.001268202657,0.00160663347,0.001445262212,0.001268202657,0.001639262338,0.002367104549,0.02590604449,-0.03350916045,0.01001819151,0.1296009479,pass,0
b56340f472d2,4.194176,1.391705069,1.280441121,0.7541779894,16.47837382,0.002020277201,-2.66419389,4.728818049,15.61932418,0.001508260729,0.001994126593,0.001579652512,0.001508260729,0.00245945437,0.003042153267,0.03822917125,0.002722572103,0.01057013582,0.2335397443,pass,0
b71428739d4e,1.1025,1,0.9990473923,1.000953062,20.32417234,0.00257737234,-2.609840581,12.25703413,26.79935305,0.002278497518,0.002533875895,0.002494572686,0.002278497518,0.00244782337,0.003203088434,0.03476425899,-0.05561455043,0.0205225693,0.593447826,pass,0
bb11db08584a,4.194176,1.391705069,1.278965666,0.7553110976,16.53516686,0.001503835727,-2.964646459,7.787243248,12.00104685,0.0007312982094,0.001493871007,0.00209266495,0.0007312982094,0.001539188795,0.002661061612,0.06664024621,-0.07333171533,0.01378785899,0.1431729199,pass,0
bb45257258cc,4.194176,1.391705069,1.279949454,0.7545554087,16.42429884,0.0009461794532,-2.459350131,3.879053197,1.919792693,0.0007192625338,0.0009323161037,0.0007247572626,0.0007192625338,0.001223969533,0.001262900395,0.07407614294,0.006594807763,0.009977951889,0.1616118622,pass,0
bd269a1f0e4d,4.194176,1.391705069,1.277981271,0.7560679223,16.58795434,0.002284981998,-2.755443607,6.182319927,5.704545184,0.001694466272,0.002239545262,0.003181352251,0.001694466272,0.001909798211,0.003013982221,0.0457325404,-0.0384382234,0.01091006622,0.105132333,pass,0
c0e15e8e2b46,5.067304,1.321756895,1.29637209,0.7420386104,1.973435973e-05,0.001137169056,-2.216947131,3.064316694,0.6317525367,0.0009842470395,0.001128116106,0.0009842470395,0.001204401664,0.001444188222,0.001017523523,0.05273195492,-0.2303706983,0.007156203783,0.009452760176,borderline,3
c1e6fa1ad314,4.194176,1.391705069,1.277981271,0.7560679223,16.56241894,0.002545587305,-2.610630621,4.469515525,5.668045555,0.001718754606,0.002567223149,0.001718754606,0.002384897307,0.003574897816,0.002916514989,0.02287130125,0.01062254401,0.01003087408,0.1197021648,pass,0
c1ebe785503a,4.194176,1.391705069,1.278965666,0.7553110976,16.53001686,0.00137569111,-2.45076527,4.705440222,3.910628845,0.001038524965,0.001305723927,0.001098390521,0.001038524965,0.00170924187,0.001818114332,0.04423102225,-0.004390153992,0.009628946313,0.1483913464,pass,0
c40976189f22,4.194176,1.391705069,1.278473544,0.7556893678,16.5287532,0.001056337775,-2.629598674,6.209377846,3.309430891,0.000785961524,0.0009773916735,0.0009200518397,0.000785961524,0.001543741421,0.001116706555,0.05116152612,-0.06089790244,0.01340378546,0.1434475572,pass,0
c4a8f2fcf6e8,4.194176,1.391705069,1.278473544,0.7556893678,16.48078192,0.000556011688,-2.639216232,2.821306419,1.34969905,0.0003694747357,0.0005281021425,0.0004905059203,0.0003694747357,0.0006559464801,0.0008010265129,0.07741809656,-0.04810637908,0.01336299757,0.1440217554,borderline,2
c739ff9580d3,4.194176,1.391705069,1.280441121,0.7541779894,16.56620991,0.001388127145,-2.83976686,6.529230165,7.415358947,0.001093641216,0.001345431524,0.001093641216,0.001145155131,0.001780208824,0.001655065774,0.02897981567,-0.04794658242,0.01179752618,0.123393992,pass,0
c9485c38fdd5,4.194176,1.391705069,1.277488845,0.7564467613,16.60104392,0.002156557118,-2.660528775,5.463678258,7.154295682,0.001494015149,0.002027525723,0.001494015149,0.002201312919,0.003150375571,0.001995602834,0.05064654972,-0.04429388286,0.01121457533,0.1199291346,pass,0
ca25745942b0,4.194176,1.391705069,1.278473544,0.7556893678,16.52129048,0.001239296905,-2.611681414,3.83174852,2.55943553,0.0009332794331,0.001197987492,0.0009332794331,0.001059421687,0.001486243681,0.001579323372,0.06124643621,-0.02774229089,0.0100527658,0.1286114307,pass,0
cae51154e1ce,5.067304,1.321756895,1.293348712,0.7443291042,8.341279702,0.006395519258,-1.927953146,3.776471502,4.869038574,0.006137171473,0.006462165199,0.006464739224,0.006137171473,0.006296820662,0.006702615431,0.01578276306,-0.04039478917,0.00562634616,0.4600155104,pass,0
cd45bfa07d41,6.869376,1.505617978,1.252553258,0.7758522266,25.22303336,0.0004934216773,-2.67540277,2.755977504,0.4849101771,0.0004231758144,0.0004769552781,0.0004231758144,0.0004391711772,0.0006016346373,0.0005149324473,0.02429569951,-0.03014370439,0.01048718148,0.1705371394,pass,0
cfd1bd0fcbb4,0.502866,1.333876221,1.223809191,0.7987728008,20.18450243,0.002712820851,-2.542438269,1.837267441,1.286575391,0.00212356343,0.002743737927,0.00212356343,0.002349217179,0.003422425018,0.00330034951,0.05150056415,0.03370382392,0.01248370667,0.1644388524,borderline,2
d4f32b9c07df,4.194176,1.391705069,1.278965666,0.7553110976,16.50603122,0.0007449789099,-2.998273338,3.460714436,2.185140726,0.0004472892607,0.0006822630122,0.0004472892607,0.0006295479299,0.001064554972,0.0009662019534,0.03857793343,-0.06686222499,0.01131464985,0.1316148679,pass,0
d66b6f333dc7,6.869376,1.505617978,1.261472009,0.7688611711,25.07900281,0.000332533565,-2.729340903,1.536834171,0.2886122747,0.000312206259,0.0003186221396,0.0003224733882,0.000312206259,0.000340295037,0.0003631413804,0.001817387794,-0.04554801581,0.008858468437,0.1966539107,borderline,2
d85d052900b4,4.194176,1.391705069,1.277981271,0.7560679223,16.59339045,0.001833923201,-2.630331064,4.589842499,4.965257524,0.001324876929,0.001690391363,0.001324876929,0.00159797804,0.002967823419,0.001763485277,0.0445363293,-0.03377851051,0.01028302301,0.08567214183,pass,0
dbd062558b81,8.768144,1.309119011,1.195757479,0.8217296256,24.77288238,0.001337779975,-2.343710279,4.24328634,1.0365541,0.001070659617,0.001291193618,0.001070659617,0.001204285914,0.001730762663,0.001415744825,0.01877921108,-0.08554068423,0.009850175683,0.06058196895,pass,0
e580676516b0,5.067304,1.321756895,1.29637209,0.7420386104,6.290465305,0.002744207701,-2.251186845,7.620683917,1.957660258,0.002281652338,0.002743689235,0.002281652338,0.002904136219,0.003660868028,0.002472780807,0.1854985766,-0.009289279155,0.010804038,0.02280697653,pass,0
ec4649213ccf,4.194176,1.391705069,1.283878548,0.7515439658,16.4589898,0.0008142056303,-2.650778099,4.208948008,1.679667971,0.0006616221474,0.0007814662439,0.0007679520529,0.0006616221474,0.0009868104318,0.0008763619013,0.0378972458,-0.0168693303,0.01213638168,0.1847678144,pass,0
f5650eb52640,4.194176,1.391705069,1.277981271,0.7560679223,16.50343238,0.0008833527336,-2.661772611,3.165333679,1.674105751,0.0005514295513,0.0008576709273,0.0008171762612,0.0005514295513,0.001040128817,0.001290685989,0.02915334349,-0.02516443132,0.01009072008,0.2207314521,pass,0
f72ef9ceeaa8,5.067304,1.321756895,1.29637209,0.7420386104,9.321465616,0.004412902744,-1.672796018,2.440289592,0.6949316404,0.004170221821,0.004510684571,0.004311147455,0.004818292876,0.004394493218,0.004170221821,0.01871082858,-0.06516841642,0.006582974987,0.02198061919,borderline,3
fdd18ccbbdc5,4.194176,1.391705069,1.278473544,0.7556893678,16.62550642,0.002179334195,-2.496983997,4.720197751,4.796375642,0.001465950752,0.002156454215,0.002159129271,0.001465950752,0.002425243601,0.003100621483,0.04814183402,-0.01909236647,0.008308260303,0.1012333019,pass,0
00b74780d31d,5.067304,1.321756895,1.29637209,0.7420386104,9.009070701,0.004691953302,-1.697808953,2.502567918,0.9905282906,0.003523395916,0.004891393162,0.003811875247,0.003523395916,0.007431003403,0.005440294062,0.1512715596,0.0145403864,0.006621259027,0.05905716313,pass,0
026dcd9af143,6.869376,1.505617978,1.250112341,0.7777754291,25.37045577,0.006749078571,-1.924562476,4.840208877,4.208033995,0.005135076523,0.00669993014,0.006455065872,0.005135076523,0.00693666441,0.009465121236,0.01531406941,-0.0060413715,0.006983729082,0.08182836758,pass,0
033f2b43de6d,5.067304,1.321756895,1.29637209,0.7420386104,9.300251179,0.008296734464,-1.87542629,2.933418276,7.125754315,0.00630063864,0.008366226562,0.007555837176,0.01336958737,0.008289930416,0.00630063864,0.1108023032,0.04280535929,0.006672729737,0.02465169955,pass,0
0415fc68b176,5.067304,1.321756895,1.29637209,0.7420386104,9.281937693,0.003725798768,-1.408172255,2.59251717,0.5888488294,0.003213715789,0.003591488115,0.003213715789,0.00348980749,0.00404331867,0.004337179822,0.02524438449,-0.06150053766,0.006259509603,0.02921495945,borderline,2
041f09eec1e8,6.869376,1.505617978,1.252146692,0.7761722646,25.26073693,0.0005675400894,-2.647307762,2.297288521,0.4842284333,0.0004571573696,0.000529768272,0.0004571573696,0.0005164015077,0.0006718761028,0.0006373715339,0.02452292521,-0.0363997825,0.009038734256,0.1193193538,pass,0
04a6fc58dabc,4.194176,1.391705069,1.278473544,0.7556893678,16.58475944,0.002492575482,-2.635226603,6.365056881,16.27917105,0.001617777152,0.002347796073,0.001617777152,0.002784983848,0.003233204329,0.00256391785,0.0307755926,-0.04829721557,0.01097934774,0.04541840094,pass,0
07083738b75e,6.869376,1.505617978,1.250519415,0.7774543991,25.26530794,0.0008279833164,-2.897074453,3.241338338,4.321951564,0.0007171374579,0.0007939895301,0.0007171374579,0.0007858432394,0.0008976505545,0.0009186426716,0.01353996263,-0.01119951957,0.008947388251,0.09575739797,pass,0
07419eddd6be,3.053056,1.505617978,1.249297888,0.7784180859,25.42003815,0.006339419918,-2.24711135,6.439260297,8.275891594,0.004593827506,0.006273020153,0.008173433456,0.005793107807,0.004593827506,0.009143007541,0.03933783971,-0.03745161715,0.009594426668,0.09736632223,pass,0
07a3be30563b,6.869376,1.505617978,1.250926387,0.7771335678,25.23989078,0.0004050272331,-3.012590744,3.369779957,1.693820131,0.0003267895954,0.0004150275632,0.0004140375275,0.0003267895954,0.0004087665095,0.0005356398138,0.03791265332,-0.07265636788,0.009475542134,0.1414453322,pass,0
09eeafa9656a,6.869376,1.505617978,1.252553258,0.7758522266,25.19110906,0.0001623614872,-2.892218017,1.53708502,0.2697222453,0.000139994212,0.0001599488134,0.0001594876696,0.000139994212,0.0001632137423,0.000199921512,0.06423267411,-0.1033961292,0.009606072361,0.1674870751,fail,0
0e75d51152fc,6.869376,1.505617978,1.254990514,0.7739361486,25.18196704,0.0004555824296,-2.893539392,4.121317281,1.755766054,0.0003889377491,0.0004395428407,0.000587179894,0.0003889377491,0.0004131446826,0.0005158083544,0.03605896439,-0.1318142623,0.01477936104,0.2155449173,pass,0
10eefba568dd,6.869376,1.505617978,1.251740025,0.7764925007,24.76468023,0.0003664863726,-3.042691008,2.941405528,0.8588311504,0.0002959547217,0.0003531511209,0.0003451376066,0.0002959547217,0.0003095805958,0.0007055358776,0.08672379954,-0.06136610317,0.01121512479,0.140222983,pass,0
115e42dd6a81,4.194176,1.391705069,1.278473544,0.7556893678,16.53716964,0.001668583341,-2.815041949,5.933259895,29.41068324,0.001048877404,0.001606636875,0.00122649552,0.001048877404,0.002305170714,0.002723232023,0.08664232406,-0.0067244921,0.01111769673,0.1371487794,pass,0
141735b57ec0,4.194176,1.391705069,1.278473544,0.7556893678,16.52841941,0.001453504316,-2.752738884,5.416263844,6.230163098,0.001012006535,0.001456016556,0.001381974615,0.001012006535,0.001418322035,0.002436367454,0.06172797857,-0.04722325587,0.01206717753,0.1648697709,pass,0
1ade1e949383,6.869376,1.505617978,1.254990514,0.7739361486,25.24219085,0.0004895351866,-2.901462532,2.290121206,0.8900793861,0.0003885814216,0.0004640254008,0.0003885814216,0.0004925487421,0.0005637677829,0.0005090089923,0.02110569239,-0.06324407498,0.01017288013,0.1343616216,pass,0
1bea04b2bb2d,6.869376,1.505617978,1.252553258,0.7758522266,25.28480025,0.0003138908323,-2.668963564,1.537651099,0.2383554895,0.0002729956377,0.000303648482,0.0003142676045,0.0002729956377,0.0003334277874,0.0003521191295,0.04708571554,-0.03015748438,0.007960466765,0.179932929,borderline,2
1c4d87baaffc,4.194176,1.391705069,1.277981271,0.7560679223,16.6027129,0.001421309924,-2.575758796,4.144991472,3.047036958,0.001190880836,0.001264094596,0.001225795261,0.001190880836,0.001574775915,0.001791385046,0.01741370167,-0.06555882021,0.009565239988,0.1124983525,pass,0
1cb814ed6332,1.504,1.504,1.248610683,0.7789607049,26.34581117,0.004311826312,-1.94633919,6.797160232,3.599632346,0.003963704692,0.004202156909,0.004211471019,0.003963704692,0.004378174425,0.004735963292,0.04169202447,-0.01378854067,0.01198260213,0.1071532707,pass,0
1e143fa3de57,1.504,1.504,1.248843418,0.7787768988,26.38477394,0.003771108029,-2.404633486,8.758093932,16.05066532,0.002834379752,0.003595442273,0.003432966407,0.002834379752,0.00428021205,0.004881664508,0.07029937439,-0.07290147122,0.01367784322,0.09709413073,pass,0
1e4b3b823b95,5.067304,1.321756895,1.29637209,0.7420386104,7.463041491,0.001128331446,-2.140335128,5.090783247,0.8305827571,0.0009205236279,0.001062063866,0.001345849995,0.001168443332,0.001147659668,0.0009205236279,0.0601881756,-0.2962131449,0.01044153606,0.1903338552,borderline,3
20c883d3bd38,8.768144,1.309119011,1.186866062,0.8291307569,24.45958917,0.00274732806,-2.641774017,6.179336558,6.293342203,0.001986255075,0.002501577142,0.002029894189,0.001986255075,0.003768878963,0.003748666176,0.07801334197,-0.05075936941,0.01097869413,0.0282479393,pass,0
2131aa3a1e6f,2.260744,1.504078303,1.215482037,0.805525961,28.32629435,0.0003122146835,-2.864299244,1.488341701,0.2568773046,0.0001817160297,0.0002711659782,0.0003446279502,0.0001817160297,0.0003749201702,0.000474021765,0.09479679382,-0.1580935802,0.008553996629,0.2107557646,fail,0
261c6bd63bff,8.768144,1.309119011,1.194966503,0.8223855662,24.72879095,0.001360841246,-2.664069224,4.388515136,2.936309792,0.00114085539,0.001261544917,0.001480861223,0.00114085539,0.001154665278,0.001766479839,0.02022119485,-0.0538009083,0.009654375423,0.05368272916,pass,0
2b07790a2422,8.768144,1.309119011,1.194322606,0.8229198911,24.87917625,0.004549699727,-2.10729847,5.359411165,4.301718522,0.003692554848,0.004434212044,0.003835787296,0.003692554848,0.005092828635,0.00592950215,0.0628130504,-0.0126731908,0.007839726469,0.002262133614,pass,0
2e79041ef722,5.067304,1.321756895,1.29637209,0.7420386104,9.177582399,0.007334054181,-1.93481291,2.560231133,5.050966151,0.004635027277,0.006970818938,0.004635027277,0.01029362763,0.01165744728,0.006327482152,0.1000606632,-0.0414959029,0.006593399591,0.06390355322,pass,0
2fb3a8606a77,8.768144,1.309119011,1.197489519,0.8202949489,24.83893969,0.001670930109,-2.225536178,3.867357914,1.001836185,0.001351563107,0.001631254761,0.001560508693,0.001351563107,0.001747833556,0.002151279737,0.02534397609,0.0423099274,0.009386905744,0.03015069277,pass,0
308f7fce6f0d,5.067304,1.321756895,1.29637209,0.7420386104,9.281148319,0.003411412115,-1.998481312,4.121525439,4.145323007,0.002852057973,0.003380785265,0.003978386742,0.002852057973,0.003214909027,0.003797029508,0.05297544667,-0.108162156,0.009046580676,0.04050467696,pass,0
331b87d1b9d1,4.194176,1.391705069,1.280441121,0.7541779894,16.46518887,0.000502486317,-2.646167391,2.603133414,1.738616238,0.0003216240134,0.000483961966,0.0003216240134,0.0004804790807,0.0006823087369,0.0005541468528,0.03339910496,-0.03209267417,0.009930489937,0.1585798823,borderline,2
38e111cac46f,8.768144,1.309119011,1.189366956,0.8270428854,24.515747,0.00150792826,-2.796549723,3.903728924,3.35789459,0.00128198559,0.001477518589,0.00128198559,0.001390139177,0.001680459419,0.001702157195,0.009350152348,-0.02560921587,0.00885272481,0.1082862637,pass,0
3cd801ffdbf0,1.504,1.504,1.247968513,0.7794680698,26.41070479,0.00591733044,-2.186686874,11.76207707,89.79308367,0.004891627249,0.00578021964,0.004891627249,0.005634497946,0.006821884969,0.006669071096,0.04438997535,-0.05472221408,0.01539479451,0.08538259081,pass,0
3d3e288d490e,5.629824,1.489711934,1.165625445,0.8470600442,45.17611918,0.001900328603,-2.820246153,5.245546566,40.45278655,0.001041604922,0.001791658839,0.001041604922,0.001869151959,0.004380741305,0.001771665795,0.04817100793,-0.02032026996,0.0132341268,0.1817599809,pass,0
3fd7df6099e3,3.053056,1.505617978,1.250519415,0.7774543991,25.37886629,0.009415498887,-2.006091283,8.074900102,11.61724549,0.007126287922,0.009095720507,0.007126287922,0.01016369667,0.01081711004,0.009690236692,0.04028990372,-0.006543732809,0.0103134086,0.1185133163,pass,0
437cbec4a3f8,4.194176,1.391705069,1.279949454,0.7545554087,16.45617637,0.0005026152362,-2.803677098,5.053381841,7.169993116,0.0004025844382,0.0004866714941,0.0004025844382,0.0005124438681,0.0006345303379,0.0004785128752,0.05564338688,-0.04941093857,0.01350825952,0.1957205745,borderline,2
453d553b0a94,6.869376,1.505617978,1.250926387,0.7771335678,25.30566095,0.0007732534271,-2.642566313,2.767679631,1.165367333,0.0004802356871,0.0007770596629,0.001134833444,0.0004802356871,0.0006295043383,0.001385253846,0.04328791524,-0.05437404921,0.008048629794,0.08407660443,pass,0
47b756014447,4.194176,1.391705069,1.280932636,0.7538008533,16.43750763,0.0003234581878,-2.61130962,1.704009663,1.888977569,0.000210714085,0.0002971956003,0.000210714085,0.0002511327036,0.0004816793469,0.0003960213887,0.05395139052,-0.08240174151,0.009760761119,0.1938222268,fail,0
4d21ce39c905,6.869376,1.505617978,1.259449328,0.7704417261,24.93947048,0.0002510511734,-2.732563103,1.891674338,0.2032593091,0.0001739169404,0.0002324759904,0.0001739169404,0.0002745740173,0.0003062121625,0.0002358747888,0.02881947689,-0.04226063129,0.009601756884,0.3009780477,borderline,2
524f240e0c90,6.869376,1.505617978,1.251740025,0.7764925007,25.26035844,0.000512858709,-2.940279908,3.062563041,2.028017844,0.0004600004018,0.0004969800242,0.0004600004018,0.0004748365776,0.0004912648253,0.0006804781286,0.03075678,-0.05666717839,0.01112745102,0.1126769452,pass,0
55fd453001cc,4.194176,1.391705069,1.277981271,0.7560679223,16.56842727,0.003494099826,-2.551838774,6.268840502,9.613962942,0.00297430067,0.003431215039,0.00297430067,0.003080703496,0.003914859783,0.004323263199,0.03274415654,-0.002617021395,0.01166559532,0.09113337165,pass,0
61c2fbd16e38,5.067304,1.321756895,1.29637209,0.7420386104,9.099335663,0.00442721602,-2.00709472,3.262079117,5.49553813,0.003352051007,0.004442883601,0.00458066778,0.005894386666,0.004482847167,0.003352051007,0.07522271226,-0.07492386416,0.009305715933,0.02201374535,pass,0
63c3c571b8ee,0.3072,1.333333333,1.306122449,0.7346938776,1.013020833,0.002377446787,-2.974432139,8.92557083,386.3409693,0.001544172568,0.002463065032,0.001544172568,0.004385014125,0.00194526505,0.001856396076,0.03176879663,-0.05693419232,0.01993432978,0.04834126963,borderline,2
663a923d5398,5.067304,1.321756895,1.29637209,0.7420386104,8.871680089,0.004246228276,-1.858692907,3.306551266,3.21092163,0.003640555886,0.004215498868,0.00368569971,0.005223399154,0.004827494917,0.003640555886,0.05044992452,-0.08466429315,0.007763095265,0.1346760077,pass,0
66bae1ba227f,12.212224,1.505617978,1.297677603,0.7410514775,28.20369983,0.002201488241,-2.298199171,3.012019912,3.232794859,0.001615054667,0.002163298481,0.002001784966,0.001615054667,0.002442552462,0.003244988704,0.05066913471,0.009925968658,0.007022965317,0.07635786118,pass,0
6733544ae7a6,5.067304,1.321756895,1.29637209,0.7420386104,0,0.0008479981678,-2.541333176,3.898834637,0.7423331915,0.0007052229638,0.0008652986222,0.0008048916041,0.0009969555363,0.0009339627959,0.0007052229638,0.04404774329,-0.3998497684,0.008473369869,0.1222740929,fail,0
686ed1dbae20,3.053056,1.505617978,1.250519415,0.7774543991,25.33458279,0.002456195022,-1.704523964,3.909098253,1.779602816,0.001764565015,0.002357547606,0.001993937657,0.001764565015,0.003055454426,0.003355007722,0.01330782451,-0.005020661064,0.009534395544,0.1229175413,pass,0
69591ebb198d,6.869376,1.505617978,1.250519415,0.7774543991,25.29660627,0.0005356804441,-2.691556601,1.985093185,0.4474066245,0.0004561054159,0.0005112278425,0.0004561054159,0.0005282230129,0.0006386285785,0.000501721964,0.02398585863,-0.03255852534,0.009554852705,0.1665349029,pass,0
6987804eb464,2.260744,1.504078303,1.21982263,0.8019994013,28.1562176,0.0002197593733,-3.293046164,4.884209428,2.738198385,0.0001773971533,0.0002196220467,0.0001831727356,0.0002129530392,0.0003208394018,0.0001773971533,0.06039572369,-0.1902994151,0.0165585252,0.3470007462,fail,0
709784f7fcc2,2.260744,1.504078303,1.215482037,0.805525961,28.28161879,0.0007242675763,-2.89620116,2.990135104,13.00197944,0.0004022305738,0.0006707842992,0.0004022305738,0.0009496402107,0.00100152612,0.0005833288822,0.06065769627,-0.007440659854,0.01561344961,0.2238232013,pass,0
71e4130bf5c8,6.869376,1.505617978,1.250112341,0.7777754291,25.30060955,0.0006158289103,-3.272619837,4.944687328,3.672713173,0.0004707468134,0.0006196684774,0.0007709259444,0.0005495195389,0.0004707468134,0.000874601506,0.09714362614,-0.06985575372,0.01162264366,0.1527268872,pass,0
757572337fd0,6.869376,1.505617978,1.252553258,0.7758522266,25.19661174,0.0003853632488,-2.800222953,1.356756185,0.804032472,0.0003315512125,0.0003671188594,0.0003717280403,0.0004120665702,0.0004080745322,0.0003315512125,0.01751836372,-0.0188701025,0.007406523132,0.170515825,fail,0
7bc2e0fa3f72,5.067304,1.321756895,1.29637209,0.7420386104,9.214347511,0.004609208942,-2.112416722,3.379824934,12.54612224,0.0044866657,0.004648360486,0.004744974727,0.004630207547,0.0044866657,0.004580370628,0.01253510911,-0.08972161725,0.007490437048,0.02451968694,pass,0
7bda86d95c5b,6.869376,1.505617978,1.257018769,0.7723448338,25.39152028,0.0004502299738,-3.3184425,4.824135404,2.744652859,0.0003539699371,0.0004405087895,0.0003539699371,0.00041710091,0.0005470780884,0.000488389944,0.03126482252,-0.06273944158,0.01326605371,0.1790000931,pass,0
7d1b40fdbd86,1.1025,1,0.9990473923,1.000953062,20.36843537,0.003586576856,-2.724221905,15.27140846,25.60479276,0.002101564243,0.003479589609,0.002101564243,0.005720922662,0.003533023464,0.003707365032,0.06034259646,-0.137078877,0.02101682603,0.7267027968,pass,0
7d8f67cadc29,6.869376,1.505617978,1.255396368,0.7736174924,24.97133655,0.0002794447393,-2.658044017,1.603959188,0.1810062872,0.0002091838137,0.0002618686478,0.0002091838137,0.000279957686,0.0003393899063,0.0002783644136,0.03136436326,-0.04500857771,0.008841083083,0.3731664002,borderline,2
807135cbc438,5.067304,1.321756895,1.29637209,0.7420386104,9.352251217,0.006714485498,-2.01771569,2.592120048,5.011033725,0.005898324297,0.006313656371,0.005898324297,0.007625253083,0.006839378209,0.006692743942,0.0218385248,-0.08194551961,0.006428458988,0.04846086676,pass,0
840527bc6628,6.869376,1.505617978,1.250519415,0.7774543991,25.27925389,0.0002532476633,-2.799949066,1.451234525,0.3117464498,0.0002016553576,0.000237127318,0.0002187713896,0.0002511337811,0.0003402773934,0.0002016553576,0.03121764573,-0.06910632618,0.008941943606,0.1525858251,borderline,2
89fc080f7e83,6.869376,1.505617978,1.251333257,0.7768129351,25.30679643,0.0005683055779,-2.544066804,2.530566387,0.8420392028,0.0003750046347,0.0005637890151,0.000994431303,0.0004722825573,0.0003750046347,0.0007177793899,0.04524796728,-0.05874105479,0.008996366919,0.1860276748,pass,0
8ff2733f6aef,8.768144,1.309119011,1.187581383,0.8285330775,24.40971544,0.002144605465,-2.075636294,4.275623153,1.64453308,0.001457627057,0.002050022484,0.001457627057,0.001954899721,0.003052835543,0.002333790587,0.02710231863,-0.01585555461,0.008148171502,0.07782294902,pass,0
91e8af9ceee9,6.869376,1.505617978,1.254178502,0.7745740518,25.1848494,0.0003401630737,-2.728073474,2.043920324,0.3147742306,0.0003170347354,0.0003182670689,0.0003353568186,0.0003170347354,0.0003522648299,0.0003633991141,0.01504777759,-0.04157632537,0.009245809033,0.2316058851,pass,0
96d48b073f18,2.260744,1.504078303,1.221988689,0.8002447997,28.18567693,0.0002367471899,-3.279076056,2.112633382,0.7235686723,0.0002213320847,0.0002297580515,0.0002213320847,0.0002301733946,0.0002644877996,0.0002285469871,0.03318547143,-0.1477874278,0.01382729137,0.3709183278,fail,0
97a5ad7548b7,8.768144,1.309119011,1.194175789,0.8230417685,24.78881506,0.001751736321,-2.646015087,3.075312647,3.644827647,0.00141134044,0.00174107419,0.00141134044,0.001553651152,0.002068441475,0.002077467536,0.01990630887,-0.04167271219,0.00766968039,0.1311825919,pass,0
98e8adcf085c,6.869376,1.505617978,1.250112341,0.7777754291,25.37045577,0.006749078571,-1.924562476,4.840208877,4.208033995,0.005135076523,0.00669993014,0.006455065872,0.005135076523,0.00693666441,0.009465121236,0.01531406941,-0.0060413715,0.006983729082,0.08182836758,pass,0
9a3c03a5ad0f,6.869376,1.505617978,1.250519415,0.7774543991,25.3298844,0.003680897031,-2.294773372,7.429444452,3.166277396,0.003224113717,0.00341188876,0.003411091771,0.003224113717,0.004331794922,0.003825036424,0.05389612628,-0.06821036742,0.0113501665,0.1031510491,pass,0
9ad92f1c1542,4.194176,1.391705069,1.277981271,0.7560679223,16.55481315,0.001204395007,-2.886665287,5.623924813,3.026040245,0.001060618956,0.001060618956,0.001385483644,0.001267969289,0.001107148506,0.001093887819,0.009259255118,-0.1114255471,0.01212076072,0.09997605603,pass,0
9b418ce42c13,1.504,1.504,1.248610683,0.7789607049,26.3143617,0.003655015416,-2.454656105,7.009654376,16.03616058,0.002777889134,0.003443600368,0.003759174377,0.002777889134,0.00349788108,0.004950387997,0.05956207448,-0.07646282151,0.01539701881,0.1836258112,pass,0
9c088d2d1559,5.067304,1.321756895,1.29637209,0.7420386104,0.0001776092376,0.001919924904,-2.387851714,2.315501999,0.8706799695,0.001531293451,0.00185074585,0.001607064274,0.003108360939,0.002027873211,0.001531293451,0.04551609963,-0.1207819803,0.004915615083,0.0002368127374,pass,0
9faad91b6578,4.194176,1.391705069,1.276996268,0.7568258851,16.70969459,0.004540191644,-2.663557579,8.932851154,21.04548527,0.003844264411,0.004362065634,0.004362651087,0.004230805778,0.003844264411,0.006337412759,0.01600911564,-0.04604295517,0.01093484547,0.03821555405,pass,0
a01c590c444f,4.194176,1.391705069,1.278965666,0.7553110976,16.46473586,0.0003608658155,-2.874079627,4.059045996,6.129085901,0.0003045475921,0.0003548392315,0.0003095823629,0.0003045475921,0.0003769632252,0.000484517754,0.04286685101,-0.06908707442,0.01383993076,0.1917162155,fail,0
a150ff5dfe07,8.768144,1.309119011,1.187651936,0.8284741497,24.42503225,0.001685158878,-2.799403616,7.984508986,5.618975226,0.001135808117,0.001601506173,0.001280359143,0.001135808117,0.001910127762,0.00288420946,0.05552901991,-0.03083726053,0.01528034309,0.06090676225,pass,0
a2ad3da4c7d6,4.194176,1.391705069,1.280932636,0.7538008533,16.52460459,0.0009726486367,-2.598465267,3.3074292,2.431976763,0.0005850014378,0.0009216155724,0.0005850014378,0.0008872828096,0.001620512755,0.0009809100001,0.03591050444,-0.05742820721,0.01008747884,0.1363283878,pass,0
a505981d1cab,3.053056,1.505617978,1.249908766,0.7779360186,25.41374937,0.00381979785,-2.195513344,4.976258998,2.377546674,0.003351782082,0.003462004327,0.003351782082,0.003388323891,0.0036208919,0.005578443628,0.02317356698,-0.04981715007,0.009330931745,0.09072704597,pass,0
a56729de89e9,1.1025,1,1,1,17.54213152,0.001619257758,-2.47854886,9.464247575,14.08287174,0.001482643128,0.00170977846,0.001740225594,0.001713800229,0.001539280627,0.001482643128,0.02239726075,0.005014478495,0.01776140561,3.545602344,pass,0
a86c6283fd78,4.194176,1.391705069,1.279457636,0.7549331113,16.14634198,0.000677751289,-2.639488418,3.06596326,1.272179632,0.0004402141153,0.0006813323192,0.0007837224093,0.0004402141153,0.0005825602274,0.001051882037,0.01028214809,0.02295085485,0.01062116228,0.5460097755,borderline,2
aed4e743c230,4.194176,1.391705069,1.277488845,0.7564467613,16.6461541,0.00205368574,-2.505071986,5.606166893,5.439029378,0.001214691042,0.001992615797,0.002057881771,0.001214691042,0.002130195697,0.003683814229,0.0555979851,-0.08017848639,0.01041917126,0.07208223553,pass,0
b0cc9f8d06e4,8.768144,1.309119011,1.193385337,0.8236982325,24.77665741,0.001600342915,-2.631124226,3.397892902,3.222807749,0.001296326383,0.001499605867,0.001296326383,0.001926237513,0.001704807616,0.001542208798,0.01379488797,-0.05770223551,0.007956924305,0.05042686202,pass,0
b1f4122fd36a,4.194176,1.391705069,1.278473544,0.7556893678,16.5178333,0.0009299049677,-2.536019511,2.95571772,1.856517308,0.0006137329284,0.0008520810278,0.0006137329284,0.0007648262188,0.001314414667,0.001159853618,0.02597702762,-0.03452557256,0.008647463722,0.1682475155,pass,0
b8ac328009e0,1.504,1.504,1.248610683,0.7789607049,26.30764628,0.002334864719,-1.939601014,5.831400971,1.705848983,0.002077840813,0.00219581225,0.002077840813,0.00228016326,0.002506292742,0.00250947055,0.005353103525,-0.03571464632,0.01662927192,0.1354286122,fail,0
b8f1b30877db,4.194176,1.391705069,1.277981271,0.7560679223,16.60531175,0.002330860068,-2.651360338,4.968130764,10.86441821,0.001890628846,0.002249115641,0.001975476117,0.001890628846,0.002926994625,0.002709221655,0.01786605238,-0.009070805388,0.009432454596,0.1454090093,pass,0
b8fb9f55cd6d,6.869376,1.505617978,1.250519415,0.7774543991,25.24102626,0.0004691960038,-2.693470949,2.260452093,0.7417390938,0.0003881611024,0.0004593128001,0.0004936580545,0.0004097289818,0.0003881611024,0.0006827378203,0.0475014009,-0.003827122878,0.008924689577,0.1422458487,pass,0
bb733062f494,6.869376,1.505617978,1.253772343,0.7748932992,25.04259484,0.0002076017667,-2.844117497,1.929524124,0.1514146996,0.0001455799346,0.000211065364,0.0002571868748,0.0001455799346,0.0001831032165,0.0002992248053,0.03392216198,-0.05794814824,0.01073479487,0.3507210766,fail,0
bcdc8db5423b,6.869376,1.505617978,1.250112341,0.7777754291,25.34342275,0.002890368874,-1.878885046,5.807652493,1.557815349,0.001764147383,0.002761482046,0.001764147383,0.00239971771,0.004418135497,0.003230220887,0.04405361023,-0.0201498578,0.009076819334,0.04915723901,pass,0
be161517d3ac,1.504,1.504,1.248610683,0.7789607049,26.3143617,0.003655015416,-2.454656105,7.009654376,16.03616058,0.002777889134,0.003443600368,0.003759174377,0.002777889134,0.00349788108,0.004950387997,0.05956207448,-0.07646282151,0.01539701881,0.1836258112,pass,0
bf9cba745efc,1.1025,1,1,1,20.38077098,0.003022310928,-2.279020841,16.85429813,38.35356559,0.002501110318,0.002867047355,0.00254663554,0.00353259704,0.003792668777,0.002501110318,0.02507338868,-0.06330526717,0.02118471693,0.6711080631,pass,0
bfda2fd0533a,4.194176,1.391705069,1.277488845,0.7564467613,16.6089835,0.001964201739,-2.844279807,6.214266774,24.85539506,0.001479634584,0.001949874358,0.001486124091,0.001479634584,0.002545400221,0.002746810735,0.04856085488,-0.02221140199,0.01216895858,0.04823354298,pass,0
c1c8550508e0,6.869376,1.505617978,1.250112341,0.7777754291,25.35816936,0.004617301169,-2.199625067,6.029773539,3.479901469,0.003700571921,0.004602699546,0.003867050453,0.005594592043,0.006751251728,0.003700571921,0.05670873741,-0.03053438234,0.01044512226,0.06898195353,pass,0
c4e8b1ec8893,1.1025,1,1,1,20.36471655,0.001291506144,-2.815182083,7.273892924,8.284298787,0.0008880342358,0.001194763633,0.001369014391,0.001369376901,0.0008880342358,0.001705471386,0.02544870093,-0.1241653816,0.01639470831,0.909133362,fail,0
c5431b81cbc9,5.067304,1.321756895,1.29637209,0.7420386104,9.000663864,0.001522688226,-2.650939943,7.213173943,14.24327534,0.001170066152,0.001484063955,0.001558287173,0.001170066152,0.001372293756,0.00231062554,0.09426915724,-0.2362419853,0.01153913075,0.0809548377,borderline,3
c9d42d7534e0,4.194176,1.391705069,1.278473544,0.7556893678,16.56392102,0.001615501903,-2.940832262,7.579734562,14.8289729,0.001246527763,0.001523078286,0.001335736023,0.001246527763,0.002088349751,0.001921718652,0.03747516155,-0.07224903975,0.01303408749,0.1117602279,pass,0
cd9e2190c73f,4.194176,1.391705069,1.280932636,0.7538008533,16.53430853,0.001315692483,-2.682304046,6.183866211,5.48578717,0.0008201772949,0.001258795192,0.0008201772949,0.001181468962,0.002106891881,0.001451104864,0.05734041155,-0.04053601622,0.01278070623,0.09335281135,pass,0
d25b8a8ad3c4,5.067304,1.321756895,1.29637209,0.7420386104,9.27893807,0.007133450059,-1.499784502,2.118408585,1.392998775,0.006218023561,0.007066116933,0.008232874068,0.007345230948,0.006218023561,0.006975735156,0.0312198728,-0.04517457581,0.005247497356,0.02864842101,pass,0
d9a475dfe59a,4.194176,1.391705069,1.279949454,0.7545554087,16.41731296,0.0006337149134,-2.9171314,5.543958755,7.692938461,0.0005908357832,0.000636258518,0.0005908357832,0.0005910669586,0.000663487706,0.0007027008113,0.04927365444,-0.01935801419,0.01394238464,0.2042443458,pass,0
df8365d6ac33,6.869376,1.505617978,1.251740025,0.7764925007,25.22374667,0.0004603192055,-3.134759047,2.98879911,1.493980714,0.0003514217957,0.000442025562,0.0004368255554,0.0003514217957,0.0005124438239,0.0006148880863,0.04816974288,-0.0647409367,0.009924985976,0.1597924878,pass,0
e1418d28d668,5.067304,1.321756895,1.29637209,0.7420386104,9.27879993,0.008774043915,-1.523985345,2.114611538,1.52024365,0.00850252114,0.008841144297,0.008824583268,0.008843898524,0.00893755202,0.00850252114,0.02477590704,-0.05809503189,0.005528557512,0.02943147654,fail,0
e34fa07bd64d,2.260744,1.504078303,1.214032658,0.8067066511,28.31169739,0.0004080619911,-2.95302828,5.151871599,5.553509943,0.000316245594,0.0004193135183,0.000316245594,0.0003619362708,0.0005861654869,0.0004038407213,0.05116242825,-0.05859044998,0.0124555567,0.2452043544,borderline,2
e65a2ff90494,4.194176,1.391705069,1.277488845,0.7564467613,16.59365272,0.004086148599,-2.637893798,5.932828541,13.47761107,0.003896679861,0.0041608761,0.003896679861,0.003907475603,0.004298810697,0.004254572049,0.01124664234,0.004015318235,0.009411381865,0.153878742,pass,0
e9f82b5bbaf4,4.194176,1.391705069,1.278473544,0.7556893678,16.53953005,0.0008817559033,-2.584456997,3.939773883,3.156551769,0.0004850060987,0.0008110534433,0.0006018211625,0.0004850060987,0.001207120109,0.001663958983,0.07869998771,-0.05940326292,0.01073756712,0.1240401671,pass,0
ea9e0fb6fb0b,3.053056,1.505617978,1.250519415,0.7774543991,25.34169042,0.002882544632,-2.330246595,6.47980663,14.71422778,0.00210230148,0.002856818417,0.002549641447,0.00210230148,0.002913651682,0.004946325999,0.03307824993,-0.07301566154,0.0136947523,0.1277112874,pass,0
eadfc8809ec8,6.869376,1.505617978,1.250926387,0.7771335678,25.24912015,0.0005459469483,-2.861687151,2.375753,1.694365484,0.0004511444492,0.0005235578776,0.000469190373,0.0004511444492,0.0006501303448,0.0006541202456,0.03448902928,-0.03964793348,0.009324641095,0.1410343571,pass,0
ee059945b08a,5.067304,1.321756895,1.29637209,0.7420386104,9.202921317,0.003597440818,-2.167583368,4.074555826,64.96032016,0.003189030853,0.003735269526,0.003881476082,0.003978207722,0.003455075861,0.003189030853,0.06283133814,-0.02739366496,0.01003539114,0.03570990775,pass,0
f7edc074f06b,4.194176,1.391705069,1.277488845,0.7564467613,16.59350967,0.001933058989,-2.92247022,6.534200643,54.93112052,0.001512124744,0.00189100616,0.001512124744,0.001775705473,0.002282694501,0.002277430164,0.01907592047,-0.01922391866,0.01253468958,0.1217192197,pass,0
f9aa35187bf3,1.1025,1,1,1,20.36172336,0.003185460127,-2.247136716,16.19715697,44.86202266,0.002420192737,0.003247515649,0.003300942782,0.002420192737,0.002894202441,0.004430452088,0.03635257626,-0.05816182073,0.01911788292,0.6764144454,pass,0
042470a92154,4.194176,1.391705069,1.277488845,0.7564467613,16.6184967,0.001764405344,-2.550517653,4.742110623,4.599804101,0.001291036704,0.001559552666,0.001291036704,0.001582522633,0.002684154092,0.001672653562,0.02881540722,-0.03163932922,0.009739173702,0.07769145711,pass,0
069f43616fab,5.629824,1.489711934,1.166218304,0.8465547915,45.02233107,0.0001976036347,-2.951768688,2.186541403,0.4618843864,0.000140983011,0.0001716886689,0.0001605878351,0.000140983011,0.0002170377813,0.0003179537074,0.08702230477,-0.1102291341,0.01330200198,0.2458365454,fail,0
070f67572d03,4.194176,1.391705069,1.285349461,0.750419321,16.42534791,0.0007360455697,-2.761789897,5.088232152,4.502911179,0.0004527763472,0.0006970964548,0.0007769040573,0.0004527763472,0.0007368119674,0.001131595953,0.08140024618,-0.04133977377,0.01067731391,0.1654652369,pass,0
093a42649c29,12.212224,1.505617978,1.293700124,0.7440625575,27.93188202,0.001082386081,-2.811714772,3.406346505,2.072043757,0.0006716555672,0.001020510486,0.0009390232863,0.0006716555672,0.001484460502,0.001404332692,0.04769092111,-0.02580196873,0.009073086938,0.05966286109,pass,0
0c917c372572,4.194176,1.391705069,1.278965666,0.7553110976,16.50686571,0.0006113871879,-2.925316088,5.339998482,8.29263504,0.0004627748618,0.0005667845595,0.0004891919182,0.0004627748618,0.0009582725153,0.000636568683,0.0950839063,-0.03307557683,0.01313670003,0.107000616,pass,0
0dc8d25b3f69,4.194176,1.391705069,1.277981271,0.7560679223,16.54956778,0.001007228251,-2.803566406,6.867792537,5.33143055,0.000841866516,0.0009801912066,0.001229240662,0.001073918522,0.000841866516,0.0009186057374,0.02798233501,-0.01455803389,0.01222214908,0.1162837873,pass,0
0edadb2aa127,12.212224,1.505617978,1.289226823,0.7474618393,27.68882228,0.001699591084,-2.602145659,3.54881001,2.94158874,0.001254075096,0.001708118858,0.001254075096,0.001398068214,0.002310572731,0.002078780017,0.04081620937,-0.04076668771,0.008083059908,0.03859218692,pass,0
166068a24416,4.194176,1.391705069,1.278473544,0.7556893678,16.55300111,0.001340978351,-2.714291612,4.449219858,2.76457403,0.001119863073,0.001244340662,0.001202821369,0.001119863073,0.001231577703,0.001973769091,0.02599468894,-0.05166641503,0.01021901756,0.1257173748,pass,0
191a711852bd,4.194176,1.391705069,1.278965666,0.7553110976,16.50629349,0.0006486497806,-2.760366981,3.349398008,1.599217206,0.000580479364,0.000619149646,0.0005876971591,0.000580479364,0.0007317798299,0.0007023100891,0.04371172838,-0.06514345061,0.0107482625,0.1401821254,borderline,2
19244004583f,4.194176,1.391705069,1.278965666,0.7553110976,16.52107589,0.001193271889,-2.873874508,5.231028488,4.970478541,0.001016894204,0.001094799323,0.001174328083,0.001016894204,0.001188094753,0.001475622665,0.01599128484,-0.04701635691,0.01183170412,0.1130738053,pass,0
1c9521878baf,6.869376,1.505617978,1.250112341,0.7777754291,25.33924479,0.0004188603488,-2.810741328,1.997506597,1.1656644,0.0002737114968,0.0003774925328,0.0002737114968,0.0004188851038,0.0005394747112,0.0004742645043,0.03227953681,-0.09756014845,0.009607986532,0.1397422519,pass,0
237c078d00fc,5.067304,1.321756895,1.29637209,0.7420386104,7.53134211,0.00170932772,-2.017929236,4.374186799,0.821257718,0.001427218834,0.001736935407,0.001427218834,0.001593366734,0.002223211633,0.001754831637,0.1369836915,-0.1304641192,0.01043780863,0.2088069407,pass,0
25b0e72705a8,4.194176,1.391705069,1.277981271,0.7560679223,16.62741382,0.002715049468,-2.723012859,7.783062849,10.71581597,0.002512283105,0.002548130655,0.002512283105,0.002578574928,0.003079206419,0.00271303644,0.01536377982,-0.06759197047,0.01031700558,0.1206820078,pass,0
2665f72e2dd3,5.629824,1.489711934,1.164306946,0.8481847122,45.15272591,0.000933553387,-2.788953874,3.222712749,1.885183871,0.0007310548463,0.0008287267986,0.0007310548463,0.0008189875767,0.001349028883,0.0009403645935,0.03856142156,-0.008545476138,0.01185073339,0.167724322,pass,0
299086c6d1b5,5.067304,1.321756895,1.29637209,0.7420386104,9.262953239,0.003652086048,-2.212314351,4.051607748,5.294003395,0.001975397562,0.003604028702,0.003700337211,0.005969887159,0.005340458021,0.001975397562,0.05813977702,-0.1187427357,0.008284731466,0.04623827894,pass,0
2bbd1f99ecc3,5.629824,1.489711934,1.165353789,0.8472916512,45.07034323,0.001107174613,-2.587406371,3.639791305,1.850812516,0.000725663173,0.001070919713,0.0008401565818,0.000725663173,0.001429639073,0.001723563068,0.04364889599,-0.006718323892,0.009660552399,0.2938130145,pass,0
2f42e20db938,5.067304,1.321756895,1.29637209,0.7420386104,7.795545718,0.002385422291,-1.734869912,3.405572463,0.6968508228,0.001937319722,0.002446858464,0.002084842954,0.001937319722,0.002799034316,0.003000986996,0.09720762018,-0.1365482306,0.008528742547,0.01866326504,borderline,3
3218a6d8eb2c,8.768144,1.309119011,1.195187744,0.8222020475,24.86117929,0.001560922773,-2.731614917,3.771580014,2.445036871,0.001435835246,0.001495078813,0.00163190388,0.001435835246,0.001515059265,0.0016757768,0.01997063599,-0.05166418101,0.008747201558,0.08052177503,pass,0
3435fd8675a2,1.648692,1.321396598,1.296067656,0.7422689673,0.0001213082856,0.005563338357,-2.481688044,17.58069579,27.28933359,0.004403061397,0.005100222081,0.006788788585,0.004403061397,0.005314336995,0.006325319418,0.03244607926,-0.2504941777,0.0184710938,0.9745919488,pass,0
36865bbc64d6,5.629824,1.489711934,1.165534794,0.8471373244,45.18627936,0.002411609433,-2.581172521,4.945770617,4.676717269,0.001753212845,0.002324358872,0.002161477766,0.001753212845,0.002922598288,0.003249465615,0.04324269924,-0.02596786567,0.01074708475,0.2046394004,pass,0
36b5b3c9fb32,5.067304,1.321756895,1.29637209,0.7420386104,7.552596016,0.001576284471,-2.505002715,7.797723757,4.741860328,0.001474475058,0.001490249047,0.001499947031,0.001474475058,0.001698683815,0.001649052068,0.01784483067,-0.2019332429,0.01304892948,0.1437905678,pass,0
383e72af1955,4.194176,1.391705069,1.279457636,0.7549331113,16.4805435,0.001130802031,-3.064294502,7.494290477,48.62810838,0.0008524957188,0.00110281626,0.0008565592224,0.0008524957188,0.001504589545,0.001463267842,0.0527608803,-0.02965703346,0.01405092382,0.2033998172,pass,0
3b018e8b7303,5.067304,1.321756895,1.29637209,0.7420386104,9.179575569,0.001052864815,-2.892843789,3.940616746,3.390640287,0.000926331806,0.001072545961,0.001100501543,0.001064156027,0.000926331806,0.001136721173,0.04854511742,-0.1348379628,0.009458872387,0.04610891395,borderline,3
3fa4f4d77177,4.194176,1.391705069,1.278473544,0.7556893678,16.57984787,0.001237679335,-2.577956976,3.955979199,3.020268173,0.0008585856732,0.00111659153,0.0008585856732,0.001066209111,0.002166961157,0.001093733418,0.03220293775,-0.04868730584,0.01004249603,0.123928629,pass,0
405b4f78658f,3.785544,1.216553288,1.166764585,0.84608948,18.62012435,0.002408674305,-2.412503165,5.214355249,4.271167128,0.002015390226,0.002328987229,0.002543654119,0.002015390226,0.002391140136,0.002801374987,0.02940795675,-0.02289014551,0.01025221391,0.06586227481,pass,0
42cc993f23a9,5.067304,1.321756895,1.29637209,0.7420386104,7.987166351,0.002400532979,-2.036106682,3.672196239,0.9651711378,0.002089042624,0.00243844109,0.002381769316,0.002879720911,0.002363966875,0.002089042624,0.06051850313,-0.06523039206,0.00801936623,0.01908818527,pass,0
498f143c0374,12.212224,1.505617978,1.29379867,0.7439878254,27.96619191,0.0004306322345,-2.997593238,2.320429362,1.314467482,0.0003330873354,0.0003330873354,0.00035610339,0.0003540770178,0.000534973738,0.0004739925085,0.03912443571,-0.1594456684,0.009333024809,0.09272553038,borderline,2
4c60b10a3a6a,5.067304,1.321756895,1.29637209,0.7420386104,9.273747934,0.003824029469,-2.115906148,4.301305845,9.685075917,0.00220973033,0.003656398022,0.00581326513,0.003823321417,0.00220973033,0.005434792976,0.06967276674,-0.1312513816,0.009184887698,0.0430463036,pass,0
4d9fc85a8259,4.194176,1.391705069,1.279457636,0.7549331113,16.49828238,0.0006363574821,-2.718326322,2.416837196,1.115338737,0.0004562756613,0.0005803072367,0.0004562756613,0.0006222191709,0.0008510407883,0.0006347711299,0.02944110767,-0.02102917067,0.01057768331,0.1578717889,fail,0
4fecf87184e6,4.194176,1.391705069,1.277488845,0.7564467613,16.59350967,0.001933058989,-2.92247022,6.534200643,54.93112052,0.001512124744,0.00189100616,0.001512124744,0.001775705473,0.002282694501,0.002277430164,0.01907592047,-0.01922391866,0.01253468958,0.1217192197,pass,0
50a2aef380c8,6.869376,1.505617978,1.250926387,0.7771335678,25.16854515,0.0004561099971,-2.756499202,2.322580608,0.3907326672,0.0003275219398,0.0004244180509,0.0003275219398,0.0004235615047,0.0006056310259,0.0004695945145,0.02434459595,-0.05587776899,0.01008213397,0.1762684775,pass,0
51269b77d312,4.194176,1.391705069,1.278965666,0.7553110976,16.56241894,0.001289138919,-2.710448195,6.115838392,10.37487366,0.0009381297583,0.001241409133,0.001061583991,0.0009381297583,0.00158589101,0.001773428559,0.0311680994,-0.03494760338,0.01332433092,0.1565072228,pass,0
5b3e7197ac1c,4.194176,1.391705069,1.276996268,0.7568258851,16.6508034,0.002707973869,-2.529665981,5.901637102,9.215201473,0.00160821349,0.002672683941,0.002783090178,0.00160821349,0.003044240567,0.004488439518,0.05105561705,-0.04304258183,0.009790352965,0.03538519806,pass,0
6061f5b7378d,5.629824,1.489711934,1.165263435,0.8473686981,45.0701656,0.0004881870597,-2.806342466,2.976981118,0.8463714271,0.000295475582,0.0004864697494,0.000295475582,0.0004040209325,0.0008216059659,0.0006910218903,0.1191903968,-0.07096576314,0.01142250848,0.2452098706,borderline,2
6181aa9f75f4,5.067304,1.321756895,1.29637209,0.7420386104,1.6201712,0.004887826055,-2.551255113,11.8378081,29.85063191,0.004426873869,0.004796998582,0.004426873869,0.004670112651,0.004736788147,0.005884451799,0.03792852417,-0.1715408622,0.009907615769,0.1456108625,pass,0
697538183db5,5.629824,1.489711934,1.165353789,0.8472916512,45.10176517,0.0008447446408,-2.854747991,3.554879784,2.606260727,0.0005440236427,0.0007427055817,0.0007166744345,0.0005440236427,0.000679111004,0.002089985529,0.08365626805,-0.05430031251,0.0140054342,0.3513796667,pass,0
6a244e855d0e,6.869376,1.505617978,1.257018769,0.7723448338,24.8811828,7.36126535e-05,-2.683952712,0.6255618949,0.03073434887,6.552827105e-05,6.720749015e-05,6.552827105e-05,7.875721252e-05,7.6918331e-05,7.041646531e-05,0.01491619792,0.01478852721,0.008123297608,0.09040357785,fail,0
6b128e648646,6.869376,1.505617978,1.251740025,0.7764925007,25.19700479,0.0003842216021,-2.977229932,2.855324233,2.31799879,0.0002747480993,0.0003562417934,0.0002747480993,0.0003507452404,0.0004611479221,0.0004737808043,0.03461983644,-0.0920262145,0.0115179769,0.1227595841,pass,0
6fb656d506b2,8.768144,1.309119011,1.192808161,0.8241778752,24.65795498,0.0009063214023,-2.863177653,3.749959916,2.091815316,0.0006510034164,0.0008328706585,0.001044429161,0.0006691568509,0.0006510034164,0.001485945295,0.04369248868,-0.09005369389,0.01045334203,0.09028020924,pass,0
71a39c660432,6.869376,1.505617978,1.250926387,0.7771335678,25.22121369,0.0006832922937,-3.188275673,4.479283759,12.43468961,0.0005483776047,0.0006586222912,0.0005483776047,0.0006188656071,0.000861624418,0.0006727135115,0.01523814362,-0.05713457656,0.01555502088,0.1660944597,pass,0
762d6e5d5068,4.194176,1.391705069,1.280441121,0.7541779894,16.54451315,0.002504933184,-2.435669346,5.609070208,6.324754389,0.001869733828,0.002409495182,0.001869733828,0.002642139136,0.003111779638,0.002484612732,0.01323589243,0.05993599971,0.01114111747,0.07885106006,pass,0
772af553b8b7,5.629824,1.489711934,1.165534794,0.8471373244,45.23386521,0.001856659279,-2.77013859,4.963962349,4.34944214,0.001221983712,0.001522012859,0.001221983712,0.001404261661,0.002402178859,0.00323369625,0.06316516611,-0.1042607867,0.01225933117,0.1003815146,pass,0
788ddb0b70b7,5.067304,1.321756895,1.29637209,0.7420386104,9.250954748,0.002973973117,-1.720100534,2.594970467,1.319887323,0.001774102502,0.002907093974,0.004080385437,0.003327199666,0.001774102502,0.003816104931,0.07229310639,-0.1033488731,0.007736793232,0.1719897445,pass,0
7a6e384a0846,5.067304,1.321756895,1.29637209,0.7420386104,9.14350116,0.00511143079,-1.883174595,3.100789801,2.496599144,0.004437621411,0.005172403929,0.004560276537,0.00622342758,0.005568535317,0.004437621411,0.03540358596,-0.04746836608,0.007571379369,0.02717217187,pass,0
7b29e3783919,5.067304,1.321756895,1.29637209,0.7420386104,2.382548985,0.003725331075,-2.742486115,18.23666823,102.5111478,0.00324915407,0.00356015351,0.003830807471,0.004324995577,0.00324915407,0.003639898352,0.02419053858,-0.3628569038,0.01392702612,0.7931349643,pass,0
7d3835e4e63a,6.869376,1.505617978,1.250112341,0.7777754291,25.29485939,0.0009463855846,-2.550983783,2.802213741,0.9909170183,0.0007018585449,0.0008944252731,0.0007813707307,0.001216738632,0.001060399,0.0007018585449,0.04148735557,-0.03451803095,0.009366479445,0.1056748958,pass,0
7e160c8b611e,6.869376,1.505617978,1.250112341,0.7777754291,25.34444177,0.001592461288,-3.354185663,16.47690852,63.59148844,0.001124980106,0.001453527098,0.001124980106,0.001222632707,0.00188836538,0.002673098005,0.03461890477,-0.09193698127,0.01687957896,0.05173182673,pass,0
80ca40196225,5.067304,1.321756895,1.29637209,0.7420386104,2.481950955,0.004606788395,-2.493873968,13.82975008,15.50003119,0.003978700465,0.004579999504,0.003978700465,0.005168396106,0.004783234747,0.004644506191,0.01296189178,-0.2211757807,0.01130407395,0.2937345797,pass,0
8688f3d0fcaf,1.1025,1,0.9980943311,1.001907486,20.77596372,0.00895036068,-2.665132691,20.32040111,410.136468,0.007331336183,0.008617814924,0.0109462124,0.007331336183,0.007936233292,0.01052212202,0.03371636235,-0.04198402228,0.01843981859,0.4784502745,pass,0
86d6808f0609,4.194176,1.391705069,1.277488845,0.7564467613,16.58633305,0.001224474166,-3.051092535,11.23947787,18.07785636,0.001083931357,0.001192226172,0.001122753037,0.001083931357,0.001298283576,0.001435577889,0.05284339361,-0.03844376657,0.01162853864,0.1283401305,pass,0
8958a4d17b7e,4.194176,1.391705069,1.278965666,0.7553110976,16.56141755,0.001332401027,-2.968163055,14.66101533,54.04385978,0.001079879984,0.00130177718,0.001313060827,0.001079879984,0.001274726238,0.001852190113,0.05589817057,-0.08005056542,0.01500770884,0.1055275219,pass,0
8a234d68b27e,5.067304,1.321756895,1.29637209,0.7420386104,4.994115214,0.004953327493,-2.486142652,17.80661143,56.78613274,0.003823855679,0.004987499458,0.003823855679,0.005467023558,0.00694667278,0.004539318829,0.08164121191,-0.1364767424,0.01119457097,0.5265631916,pass,0
8a9bef2fbd4e,4.194176,1.391705069,1.277488845,0.7564467613,16.65995895,0.001595339203,-2.994061538,3.283214755,10.29752507,0.001339439309,0.001591326722,0.001339439309,0.001405847167,0.001957395067,0.001782127992,0.03947930554,-0.02635835486,0.01019982997,0.06391205884,pass,0
8b76c3c5cb3e,5.067304,1.321756895,1.29637209,0.7420386104,0.0004736246335,0.001670402418,-2.045895422,4.340927854,2.493435587,0.001336803589,0.001647785975,0.001715531099,0.001336803589,0.00187692771,0.001854551528,0.1161770909,-0.2304544038,0.009801804644,0.0004933613299,pass,0
8c0d05233238,5.067304,1.321756895,1.29637209,0.7420386104,8.990994028,0.004376088013,-1.638768675,2.709963661,0.8734738337,0.003377300831,0.00448995453,0.003377300831,0.004799160367,0.005067225556,0.004624819836,0.05551169665,-0.07554221341,0.006656930735,0.06505189081,pass,0
90b8bf342032,4.194176,1.391705069,1.279457636,0.7549331113,16.5543363,0.001232684349,-3.153544185,12.83825805,50.85188486,0.001037266438,0.001176159016,0.00105624786,0.001037266438,0.001543201039,0.00136997134,0.0423769129,-0.07428132662,0.01655316402,0.1158332709,pass,0
910bfd38e2f5,6.869376,1.505617978,1.251333257,0.7768129351,25.2297443,0.0005518596459,-2.825521593,2.475013719,0.7446056318,0.0004046733951,0.000541573315,0.0006071309218,0.0004046733951,0.0005675711976,0.0007398201643,0.02108814247,-0.01833403856,0.008447019255,0.1310878559,pass,0
913490237ad4,5.067304,1.321756895,1.29637209,0.7420386104,8.929166279,0.001663008185,-2.483399502,20.17697972,275.9180818,0.001333896549,0.001672442266,0.002148389992,0.001409768598,0.001333896549,0.001988144286,0.05285464161,-0.2565609076,0.01780624693,0.9242148583,pass,0
91cf56d3d1af,4.194176,1.391705069,1.278473544,0.7556893678,16.58213675,0.0009385520697,-2.898340958,4.533917016,4.618912158,0.0005972495698,0.0008758596184,0.000840438802,0.0005972495698,0.001155024825,0.001357915153,0.0716627837,-0.1039451005,0.0126400044,0.09715059228,pass,0
9a94e0316ee3,4.194176,1.391705069,1.278965666,0.7553110976,16.43381203,0.0004401642168,-2.90477036,3.955702251,2.02939091,0.0003708723968,0.0004256815175,0.0003708723968,0.0004003491976,0.0005492077605,0.0004627492489,0.05677078861,-0.08739461145,0.01178650531,0.2114460473,borderline,2
9bf060db8376,4.194176,1.391705069,1.277488845,0.7564467613,16.59350967,0.001933058989,-2.92247022,6.534200643,54.93112052,0.001512124744,0.00189100616,0.001512124744,0.001775705473,0.002282694501,0.002277430164,0.01907592047,-0.01922391866,0.01253468958,0.1217192197,pass,0
9c52b87d01f1,3.053056,1.505617978,1.249908766,0.7779360186,25.40857423,0.008275461903,-2.11934189,6.769109871,28.5575691,0.006567427651,0.008219896449,0.006567427651,0.006860367311,0.01097827443,0.01003456699,0.03178157154,-0.02513724148,0.01106701254,0.08641744368,pass,0
9f37c98b8187,5.067304,1.321756895,1.29637209,0.7420386104,9.340094851,0.002933064562,-2.36587899,5.778790307,5.657322267,0.002370311921,0.002894265201,0.004321795543,0.002929563227,0.002370311921,0.002644703326,0.0373601937,-0.1372052717,0.009703050236,0.0234870907,pass,0
a14bbd9a583e,4.194176,1.391705069,1.277981271,0.7560679223,16.54987774,0.0007156245909,-2.872664535,4.126780995,1.668581153,0.0004878264631,0.0006152127428,0.0007095965314,0.0006527214812,0.0004878264631,0.001291958351,0.06741420705,-0.1351284713,0.01084962182,0.08068467691,pass,0
a14fcf84bfe1,6.869376,1.505617978,1.252959721,0.7755323865,25.35243376,0.0002952861238,-3.190872253,3.857483666,7.820421043,0.0002331157829,0.00027457602,0.0002331157829,0.0002756759233,0.0003952543568,0.0002745131915,0.03487333302,-0.08296904364,0.01448403148,0.1494591661,pass,0
a4b8de38eac1,5.629824,1.489711934,1.165444242,0.8472145267,45.17414754,0.001251019678,-2.940771278,5.132176203,4.484436784,0.0006769853417,0.001184505753,0.001402767202,0.0006769853417,0.001083788063,0.002830642522,0.0918420319,-0.06963798373,0.01287008396,0.1686322065,pass,0
a4d4b69f7404,4.194176,1.391705069,1.277488845,0.7564467613,16.64374599,0.002392415329,-2.672423664,6.141815552,7.41456575,0.002002164494,0.002263389532,0.002002164494,0.002064140149,0.003163733021,0.002488947154,0.04463155437,-0.008953375795,0.01081827089,0.05394570191,pass,0
a763661f98a5,6.869376,1.505617978,1.254178502,0.7745740518,25.52735503,0.0002998002895,-2.831070921,1.783724578,0.3806321986,0.0002304763906,0.0002650008676,0.0002602820839,0.0003207240701,0.0003789163888,0.0002304763906,0.00740024906,-0.1141910048,0.01091610341,0.1586260308,pass,0
a8e88d4891c4,1.504,1.504,1.248610683,0.7789607049,26.29807181,0.002235276753,-2.361757675,7.699744045,15.13591173,0.0019173442,0.002203138969,0.002370545665,0.0019173442,0.00216318039,0.002558801387,0.07393771489,-0.07063768836,0.01526765957,0.136764227,borderline,2
aba3063c5413,4.194176,1.391705069,1.278965666,0.7553110976,16.50166803,0.001252159227,-2.621372201,4.686684731,5.003305616,0.0007734544325,0.001187591906,0.001204895189,0.0007734544325,0.001168455607,0.002503646949,0.08565014953,-0.04934716933,0.01072742958,0.1527098139,pass,0
ad2f0b9d059c,0.3072,1.333333333,1.306122449,0.7346938776,1.023763021,0.002746817574,-2.608315647,10.6898943,8.792383703,0.002170001445,0.00238036724,0.004137085692,0.002255315617,0.002170001445,0.002647064188,0.01674747518,-0.1190903023,0.01869014297,0.06051536729,borderline,2
b019a49787c1,5.629824,1.489711934,1.166764585,0.84608948,45.22557011,0.002191230877,-2.790547014,5.016389756,5.5127467,0.001407632936,0.002286436646,0.003301481523,0.001407632936,0.001501590862,0.003974062341,0.06391503165,0.007065887662,0.0122305702,0.1766057961,pass,0
b2ffa3e18559,4.194176,1.391705069,1.276996268,0.7568258851,16.69684343,0.002687846458,-2.875501038,8.696072008,18.80014005,0.001980807409,0.002504386514,0.002179746949,0.003444572018,0.003611472777,0.001980807409,0.055242459,-0.08273880675,0.01166832128,0.03191293579,pass,0
b6bfe9db60e5,4.194176,1.391705069,1.280932636,0.7538008533,16.49921224,0.0009601710789,-2.620808071,3.991829344,2.186706803,0.0007822659156,0.0008921819731,0.0008426476632,0.0007822659156,0.0008278086989,0.001603428108,0.0227332301,-0.07201060686,0.01084635794,0.1689238386,pass,0
b7e0f95353f2,6.869376,1.505617978,1.252959721,0.7755323865,25.16026201,0.000342264269,-2.981088373,2.204256948,1.754914663,0.0003250559047,0.0003300149283,0.0003770845599,0.0003250559047,0.0003262260246,0.0003493216121,0.005767961988,-0.02429074521,0.009911964837,0.1604738979,pass,0
bb5083fae98f,4.194176,1.391705069,1.278473544,0.7556893678,16.58993328,0.00188805618,-2.696205613,6.39286858,6.930438346,0.001220175303,0.001808046711,0.001829996198,0.001220175303,0.001773225139,0.003232202289,0.0633417119,-0.03920838904,0.01130879538,0.0991320231,pass,0
bb7e0a2544cd,1.504,1.504,1.247968513,0.7794680698,26.44182181,0.006167577934,-2.137594368,8.833163698,21.6775364,0.004607636335,0.005747562673,0.006713552155,0.004607636335,0.005909657117,0.008251075984,0.04347048729,-0.1000079737,0.01475783073,0.05974790182,pass,0
bf8092e4001d,5.629824,1.489711934,1.137185417,0.8716295718,45.16064801,0.004751583415,-2.58624042,19.00566617,19.45261215,0.003707904672,0.004251603263,0.004033797379,0.003707904672,0.008216530148,0.004459956355,0.1073817125,-0.04195701511,0.01854322943,0.1773360338,pass,0
c0a0828e01b4,6.869376,1.505617978,1.250926387,0.7771335678,25.33231548,0.0007312730051,-2.677442695,2.42396172,1.081769725,0.0004946877446,0.0006733900269,0.0004946877446,0.0006242690295,0.001015480333,0.0008355540691,0.03150800653,-0.02970838265,0.009170962435,0.1221437088,pass,0
c31651ea04c6,5.067304,1.321756895,1.29637209,0.7420386104,9.347455767,0.003136835755,-1.743698138,2.988408112,1.19815855,0.002667928935,0.003155153194,0.003247270058,0.002667928935,0.002903441614,0.003963495281,0.04243289628,-0.06603615859,0.006879335687,0.01728476764,pass,0
c3a82acb7d7a,6.869376,1.505617978,1.251740025,0.7764925007,25.28859972,0.0007710530034,-2.748495617,3.548136103,1.77109353,0.0005100482261,0.0006770078067,0.0006383120375,0.0008386915371,0.001129093752,0.0005100482261,0.02560788425,-0.09926104497,0.01041706473,0.1093291833,pass,0
c5a9ebef1517,5.067304,1.321756895,1.29637209,0.7420386104,9.101210427,0.002669102711,-2.422132716,6.988849737,10.2175417,0.002046492799,0.002679327459,0.002412388268,0.003119620685,0.003530344223,0.002046492799,0.04397377301,-0.1588890378,0.01247788681,0.05386314463,pass,0
c5ba9e455d5e,6.869376,1.505617978,1.249705165,0.7780966579,25.43063591,0.002411003078,-2.709271536,3.93525449,5.901090647,0.001946406713,0.002299969951,0.001946406713,0.002304375916,0.003071626716,0.002422318527,0.0329799921,-0.05403573122,0.007906227989,0.1163896182,pass,0
c67117c6ab3b,4.194176,1.391705069,1.280441121,0.7541779894,16.43636319,0.0003431630333,-2.884738411,3.217662772,0.6176705982,0.0002874753201,0.000328847514,0.0002874753201,0.0002888379282,0.0003787891234,0.0004408164046,0.09969597625,-0.1039130586,0.01074086481,0.1545591967,fail,0
c9ea9d5eab65,4.194176,1.391705069,1.277981271,0.7560679223,16.59062471,0.001688476328,-2.810963358,6.903605938,18.91199533,0.00119365733,0.001580615379,0.00213354749,0.001857231391,0.00119365733,0.001752803122,0.03421123193,-0.04834920419,0.01289058705,0.07149113178,pass,0
d0ffa0425ef1,4.194176,1.391705069,1.278473544,0.7556893678,16.5363113,0.001130197035,-2.821522006,3.54815388,2.941119646,0.0007646257255,0.0009952685291,0.0007646257255,0.001246030736,0.001905121585,0.000796374698,0.07481767807,-0.01899266111,0.009745977664,0.1173222755,pass,0
d16398c971e9,12.212224,1.505617978,1.288512471,0.7480059426,27.66478899,0.001083156909,-2.914263255,5.052125864,2.948417358,0.0005171268499,0.0009600714973,0.0008893607583,0.0005171268499,0.001474447381,0.002123806901,0.07811747287,-0.08863864588,0.01002286827,0.04284709372,pass,0
d2ffe9287dc7,6.869376,1.505617978,1.251740025,0.7764925007,25.21687559,0.0003775150915,-3.033731106,2.684134011,2.656910117,0.0003197329805,0.0003601132134,0.0003197329805,0.0003976368992,0.0004274357644,0.0003492617058,0.03172539797,-0.084817841,0.009784753685,0.1512516512,pass,0
d3e884109b45,5.067304,1.321756895,1.29637209,0.7420386104,9.009465388,0.002523521147,-2.35014748,7.946687181,30.72850936,0.00192026745,0.00258921444,0.003313407023,0.00192026745,0.002182207451,0.003162523314,0.05681121071,-0.1454433366,0.01376293271,0.1843511069,pass,0
dd3dad6ca78f,4.194176,1.391705069,1.276996268,0.7568258851,16.69488834,0.003551450198,-2.499256344,7.378019562,9.838457921,0.003425803854,0.003425803854,0.003461963382,0.003600989683,0.003677718298,0.003446371375,0.03960848931,-0.05748359033,0.009911617951,0.008099685085,pass,0
e13412678eff,4.194176,1.391705069,1.277488845,0.7564467613,16.56604301,0.002062507347,-2.77235896,6.156516722,9.226901174,0.001447605112,0.001948493014,0.001447605112,0.001758517631,0.002965208812,0.002375667609,0.02823432155,-0.04931743256,0.0115248954,0.1258799091,pass,0
e19936582c61,6.869376,1.505617978,1.251740025,0.7764925007,25.22397959,0.000523332378,-2.994831875,2.634110874,1.791824188,0.0003399102585,0.0004656293261,0.0003399102585,0.0006020788944,0.000624498437,0.0005267715118,0.06700660128,0.03005160956,0.01095719569,0.1138486086,pass,0
e32a359be36d,5.067304,1.321756895,1.29637209,0.7420386104,9.047848718,0.003673798215,-2.366105275,5.049719882,12.35446154,0.002476293154,0.003639114858,0.002704547491,0.006944033565,0.005072381041,0.002476293154,0.0700923538,-0.1377125379,0.009159512282,0.07941291723,pass,0
e76a9cbb2a8c,1.504,1.504,1.247968513,0.7794680698,26.44182181,0.006167577934,-2.137594368,8.833163698,21.6775364,0.004607636335,0.005747562673,0.006713552155,0.004607636335,0.005909657117,0.008251075984,0.04347048729,-0.1000079737,0.01475783073,0.05974790182,pass,0
f092febbf5c0,4.194176,1.391705069,1.279949454,0.7545554087,16.49008053,0.0007010546859,-2.680930174,4.202588166,3.43135571,0.0004616856619,0.0007066922899,0.0007159595865,0.0004616856619,0.0007069039306,0.001059836873,0.03815672745,-0.03857264284,0.01149241494,0.2163564691,pass,0
f5a8c6426a71,4.194176,1.391705069,1.278965666,0.7553110976,16.42239143,0.0006315750537,-3.207261785,5.708580925,12.32250503,0.0005474957501,0.0006324336742,0.0005474957501,0.00060237786,0.0006621271721,0.0007285157803,0.05068614424,-0.03348949051,0.01418239706,0.2597141775,pass,0
f64214bed40e,5.067304,1.321756895,1.29637209,0.7420386104,9.062550816,0.004428224298,-1.864552061,2.952714788,4.335941281,0.002723324191,0.004365694198,0.004911938462,0.002723324191,0.005433123567,0.006186569071,0.09272051219,-0.1093134722,0.00847975966,0.04025540372,pass,0
f9156aeffc5e,5.629824,1.489711934,1.165010907,0.8475840679,45.24201822,0.002041612246,-2.849087489,4.659624498,8.643249998,0.001191658144,0.001574989772,0.002616211119,0.001294652055,0.001191658144,0.007005876621,0.09268923247,-0.1330674992,0.01188981124,0.10811677,pass,0
fcc6aa6755e6,5.629824,1.489711934,1.165534794,0.8471373244,45.23404284,0.001866840483,-2.765772921,4.962200861,4.359730686,0.00122837568,0.001529077449,0.00122837568,0.001410233858,0.002424205315,0.00324578838,0.06316438506,-0.1042435264,0.0122517635,0.09830609293,pass,0
fe0fc67c7980,1.504,1.504,1.286487298,0.7495503612,28.48351064,0.005872474796,-2.13702748,7.463602154,5.718993642,0.005085083818,0.005580417293,0.005377871428,0.00724363176,0.006041577074,0.005085083818,0.04314390545,-0.1072579281,0.0128886166,0.1731113937,pass,0
0243404e8a00,5.067304,1.321756895,1.29637209,0.7420386104,9.084140206,0.002865219606,-2.279740738,4.920574108,3.586364516,0.002503212268,0.002909641235,0.002843724715,0.00299069686,0.002503212268,0.003195042581,0.04844562295,-0.1343340535,0.0101634249,0.04375965789,pass,0
034cb07a550f,6.869376,1.505617978,1.249705165,0.7780966579,25.3542971,0.006556676724,-2.31833899,7.559108704,8.934175175,0.005181842794,0.007034491227,0.00770786038,0.007092437335,0.005181842794,0.007440213372,0.02504565507,-0.03004050056,0.009171412405,0.09735370324,pass,0
03a7f4a5786f,5.067304,1.321756895,1.295077066,0.7430189542,7.622613524,0.006883253568,-2.529955603,14.50062308,125.8923811,0.006261548898,0.007078435062,0.006491655434,0.007323118852,0.007077363632,0.006261548898,0.01481854896,-0.09334582941,0.01074225656,0.4488529586,pass,0
07122e268a1d,2.260744,1.504078303,1.214032658,0.8067066511,28.41803406,0.0007973521199,-2.783564359,3.024465585,57.75771472,0.0005457971669,0.000801941543,0.0005457971669,0.0009174915532,0.001045114418,0.0007449747422,0.05720668567,0.04171570967,0.01140081028,0.06327686409,pass,0
080ee76c958c,6.869376,1.505617978,1.250112341,0.7777754291,25.34808111,0.003472563291,-2.303123698,6.176327736,2.800093426,0.001969260838,0.002980934052,0.001969260838,0.004612857005,0.005832698767,0.00232701505,0.104416568,-0.02028610547,0.01008361105,0.03318954447,pass,0
080f66eedfb9,4.194176,1.391705069,1.277981271,0.7560679223,16.5327826,0.0007107859119,-2.626972552,3.690855826,1.627567832,0.0004113152946,0.0006786665785,0.0006827052143,0.0004113152946,0.0008247099556,0.001105211854,0.04848646038,-0.04184411825,0.01194807463,0.1404837004,borderline,2
0e82bcacc475,5.067304,1.321756895,1.29637209,0.7420386104,9.185831361,0.003004355454,-1.82510382,3.118213745,0.8013106784,0.002592221668,0.003023952724,0.002992375335,0.003569403082,0.00299763013,0.002592221668,0.06820310412,-0.06750110675,0.007638201316,0.01377712779,pass,0
10fca1abf338,2.260744,1.504078303,1.219099983,0.8025855511,28.27511651,0.0003587381069,-2.872309467,1.650606908,0.4547379538,0.0002166458279,0.0003107431698,0.0003232494226,0.0002166458279,0.0004861162238,0.0005229865233,0.06849025583,-0.1729580642,0.01004249042,0.3159389115,borderline,2
1638404f385c,1.504,1.504,1.247968513,0.7794680698,26.41429521,0.005518293384,-2.049865693,7.502228796,11.23090375,0.004374399032,0.005068738356,0.004833974487,0.004374399032,0.006774945074,0.006676073583,0.01431653824,-0.1254088792,0.01451570096,0.1194511032,pass,0
16ce555748d8,4.194176,1.391705069,1.279457636,0.7549331113,16.49697104,0.0006403916509,-2.815024739,2.415689064,1.638811405,0.000460712296,0.0005847880061,0.000460712296,0.0006245394409,0.0008560027992,0.0006394467684,0.02943809757,-0.02104166474,0.01057721773,0.1593255106,fail,0
187f6ccda87a,12.212224,1.505617978,1.297677603,0.7410514775,28.21467245,0.0008130002819,-2.90867901,4.465058454,5.480301741,0.0004416252529,0.0007065134504,0.0004416252529,0.0008028835157,0.001350153215,0.0007148590497,0.02137132889,-0.09139592832,0.01091878648,0.05490165213,pass,0
1a90fad9ffa2,8.768144,1.309119011,1.189796292,0.82668494,24.53041373,0.001331249879,-2.609897337,4.809238363,3.258486037,0.001005193337,0.00128116372,0.001005193337,0.001318209425,0.001789321094,0.001328169307,0.01952453139,-0.07229206462,0.01232769941,0.0557177403,pass,0
1b32e1d775ea,1.504,1.504,1.248843418,0.7787768988,26.4150266,0.005047821185,-1.673193436,6.253262127,2.347183366,0.004449826492,0.004896668714,0.004449826492,0.005239703107,0.00535196307,0.005235405935,0.01242371294,-0.03840743856,0.01206042502,0.06081043229,fail,0
1e9224ccca95,6.869376,1.505617978,1.251333257,0.7768129351,25.32116454,0.003617739532,-2.128797714,5.748209267,2.683224621,0.002542142987,0.003529241789,0.002542142987,0.00336656936,0.004884989744,0.003790198824,0.02566849553,-0.0211505529,0.01041795175,0.08165739761,pass,0
21d18b022429,5.067304,1.321756895,1.29637209,0.7420386104,8.914681259,0.002522806349,-1.915103348,3.593474193,0.8510154951,0.002059891587,0.002643147442,0.002820464441,0.002059891587,0.002274309087,0.00319348399,0.08379036075,-0.07494967803,0.008921481058,0.1304930919,pass,0
222f3ee3a1e8,4.194176,1.391705069,1.280441121,0.7541779894,16.40286435,0.0004269751499,-2.691175992,2.267799217,1.404743511,0.0003468722841,0.0004208948525,0.0003590639051,0.0003468722841,0.0005370990098,0.0004780270649,0.02344140478,-0.01415657216,0.008976048099,0.2839247267,fail,0
22895c89792f,1.504,1.504,1.248843418,0.7787768988,26.40365691,0.003085792834,-2.37756199,11.07912486,86.23594643,0.002557797692,0.003041176633,0.002557797692,0.003625139222,0.003691534471,0.002676474036,0.02051692679,-0.1003349952,0.01746972503,0.0901626089,pass,0
247ac63e5510,6.869376,1.505617978,1.255396368,0.7736174924,25.27912288,0.0004049662694,-2.747853274,2.378974907,0.5533421423,0.0002888331863,0.0003998709369,0.0003797645391,0.0002888331863,0.000410958105,0.0006618378682,0.06916904631,-0.03852454737,0.01012624509,0.1375062392,pass,0
247e98aba610,4.194176,1.391705069,1.27650354,0.7572052939,16.72030454,0.004000241625,-2.417785436,6.939603243,10.71782369,0.003694083961,0.00403246595,0.003694083961,0.004020518538,0.004383182491,0.003906483909,0.02601800121,0.01552440001,0.01038173591,0.003464173149,pass,0
254052cf3e48,6.869376,1.505617978,1.251333257,0.7768129351,25.26804472,0.0008849900673,-2.681651671,2.72323359,1.123989134,0.0005792610927,0.0007739891717,0.0005792610927,0.0009674803987,0.001490233283,0.0006146532536,0.06250783872,-0.04418023246,0.009274245021,0.1182012144,pass,0
25d069089c5e,4.194176,1.391705069,1.279949454,0.7545554087,16.54890019,0.002110923473,-2.928723686,10.10554998,72.55596561,0.00189574296,0.002153785025,0.00189574296,0.001976944754,0.002105187758,0.002550591511,0.006824572591,0.005261551729,0.01442267459,0.1365680729,pass,0
2628305cbb29,4.194176,1.391705069,1.278965666,0.7553110976,16.44692545,0.000502939324,-2.819802569,3.290079305,2.281005397,0.0003919984406,0.0004730550683,0.0004238016754,0.0003919984406,0.0006010645068,0.0006623300534,0.05307681266,-0.0527584289,0.0132931132,0.1677623009,borderline,2
281d7b7c7676,8.768144,1.309119011,1.189295683,0.8271023209,24.41789277,0.002304979837,-2.264566065,5.820109271,2.532792158,0.001896322725,0.002034568217,0.001896322725,0.002514910103,0.002870215449,0.002019798665,0.01890804827,-0.0307918893,0.009988685851,0.03336276782,pass,0
2bbcfdc477db,2.260744,1.504078303,1.217653747,0.80375978,28.22053271,0.0002770202278,-3.007868676,2.940579295,1.173379063,0.0002493179049,0.0002687989978,0.0003017422523,0.0002493179049,0.0002646124445,0.0002960254188,0.0433911837,-0.1332144975,0.01388425813,0.3461408104,fail,0
2f284b6a1940,4.194176,1.391705069,1.277981271,0.7560679223,16.589218,0.001892816697,-2.697746116,6.397460384,6.928356208,0.001225229859,0.001811651972,0.001835927276,0.001225229859,0.001773772328,0.003240527889,0.06335530633,-0.03919415887,0.01130776381,0.1003603081,pass,0
2f7789c1e046,1.504,1.504,1.248610683,0.7789607049,26.29807181,0.002235276753,-2.361757675,7.699744045,15.13591173,0.0019173442,0.002203138969,0.002370545665,0.0019173442,0.00216318039,0.002558801387,0.07393771489,-0.07063768836,0.01526765957,0.136764227,borderline,2
312694ea8e6a,4.194176,1.391705069,1.276996268,0.7568258851,16.6310379,0.002583516803,-2.571648852,5.755665894,6.929270896,0.002233279005,0.002457017875,0.002321075609,0.002823239813,0.002984473923,0.002233279005,0.03117912298,-0.02044004449,0.01029797571,0.05819871128,pass,0
378963f9df22,2.260744,1.504078303,1.216206255,0.8049365877,28.31638611,0.001346236945,-3.015749257,7.673451334,82.57009714,0.0009899174899,0.001358866435,0.0009899174899,0.001376483886,0.002086714148,0.001062752678,0.05292499568,-0.06553570952,0.0149992195,0.2296704334,pass,0
3a6e9730b298,5.067304,1.321756895,1.29637209,0.7420386104,9.04392158,0.005466159002,-1.80883309,3.149339792,0.9871342516,0.003090718502,0.005193243142,0.004711401254,0.009271178413,0.008726678616,0.003090718502,0.1273887798,0.02371410478,0.006266972214,0.02675188505,pass,0
3ee4841936ef,4.194176,1.391705069,1.278473544,0.7556893678,16.47820692,0.00110246606,-2.577232604,4.403203337,2.854088297,0.000711430388,0.001099329995,0.0009982360081,0.000711430388,0.001257202301,0.001671547794,0.04065584771,0.01659157281,0.0104638415,0.1350537003,pass,0
3f752fcccec0,4.194176,1.391705069,1.280441121,0.7541779894,16.56008236,0.00158143407,-2.656552191,4.571812983,5.144838988,0.00092249934,0.00151621594,0.00092249934,0.001407723236,0.002620236567,0.00169956016,0.04507128925,-0.006361639776,0.01138696031,0.12469936,pass,0
408ea9d5e082,8.768144,1.309119011,1.194322606,0.8229198911,24.90620592,0.005869990743,-2.268859517,5.455219199,5.865273918,0.004609588477,0.005689507901,0.006166981612,0.004609588477,0.005414231252,0.008033276152,0.05021753627,-0.05253926368,0.008007763191,0.0076241599,pass,0
44ecf3f4efa5,4.194176,1.391705069,1.277488845,0.7564467613,16.61041406,0.002046125876,-2.566194834,4.676805594,5.497177376,0.001417663984,0.00196302846,0.001417663984,0.001907569902,0.002877523144,0.002155443167,0.04037673783,-0.02412075608,0.00964144607,0.09832720802,pass,0
4689b739d240,4.194176,1.391705069,1.277981271,0.7560679223,16.54899556,0.00161698221,-2.61457076,4.654819628,2.972599297,0.001197082373,0.001522546325,0.001675254476,0.002003873306,0.001669151254,0.001197082373,0.03458668645,-0.04043331718,0.009881045009,0.1323111859,pass,0
4abca30b676b,4.194176,1.391705069,1.279457636,0.7549331113,16.45727313,0.0004077746303,-2.759256375,2.958965071,2.493027471,0.0003440196614,0.0003869653735,0.0003440196614,0.0003753192601,0.00046769916,0.000463736051,0.0530878718,-0.1011245271,0.01233113476,0.1067944014,borderline,2
4dc2211a1c31,5.067304,1.321756895,1.29637209,0.7420386104,8.332241365,0.002169873253,-2.140955944,5.154137904,1.32630284,0.001713734019,0.002205357404,0.001713734019,0.002255252671,0.002767573446,0.002163884232,0.09761841028,-0.09661069674,0.0116450548,0.11272132,pass,0
5c7ab966a3ee,5.067304,1.321756895,1.29637209,0.7420386104,9.05564379,0.005457188715,-1.726090418,2.348957184,0.7504569078,0.004077222044,0.005402188717,0.004077222044,0.005617893183,0.007287239856,0.005625317125,0.08152031235,0.007261029633,0.00652962375,0.02554016804,pass,0
612f2df37a1d,4.194176,1.391705069,1.280932636,0.7538008533,16.48874535,0.0007013127612,-2.725077066,3.285901802,1.276113729,0.0004219539805,0.000641112638,0.0007501347577,0.0004219539805,0.0008814528642,0.0008975726813,0.08239040652,-0.05123786866,0.01097393009,0.1686742654,borderline,2
61bbc11fe503,4.194176,1.391705069,1.279949454,0.7545554087,16.49706641,0.0005291421351,-2.732251389,2.465468726,1.142038695,0.000313252957,0.0004749396899,0.000313252957,0.000501831387,0.0007899181208,0.0005604439669,0.06935466293,-0.06340016487,0.01070325729,0.1681771199,borderline,2
61e301bd3c25,8.768144,1.309119011,1.195325056,0.8220881661,24.74543073,0.001490911102,-2.574151136,6.223547294,3.278288504,0.001054982544,0.001474886732,0.00167707444,0.001054982544,0.001457544719,0.001867734506,0.02699178225,-0.01788815338,0.01101186805,0.04581393541,pass,0
64bad93fde3f,2.260744,1.504078303,1.215482037,0.805525961,28.2950657,0.0006313821587,-3.026035751,5.279030767,3.533124023,0.0005305613452,0.0005868675772,0.0006011256488,0.0005305613452,0.000720333136,0.0007079192867,0.05501768668,-0.1086968391,0.01430128028,0.2845043228,pass,0
66a0bf258013,4.194176,1.391705069,1.279457636,0.7549331113,16.5718606,0.002370193056,-2.530993523,5.210493356,5.556588953,0.001729763414,0.002313987715,0.001740773149,0.001729763414,0.003382633384,0.003221366945,0.07901220404,0.01851440939,0.009862994936,0.1148001942,pass,0
69fff98cb32a,4.194176,1.391705069,1.279457636,0.7549331113,16.56382565,0.001001315304,-2.463419358,3.409842646,1.88469069,0.0006422930298,0.0009603174716,0.0008715795508,0.0006422930298,0.001140611537,0.001588308876,0.04107145177,0.01132932343,0.009104946291,0.1257051088,pass,0
6cfb7b44ef6f,2.260744,1.504078303,1.216206255,0.8049365877,28.27317025,0.0003581282588,-2.796456058,2.289354411,0.5717303632,0.0002223541487,0.0003623432793,0.0003435798553,0.0002223541487,0.0004183243139,0.0005124592994,0.05714017958,-0.01932721174,0.01109496692,0.2651767434,borderline,2
6d259b5b4c76,8.768144,1.309119011,1.195040194,0.8223244353,24.69007124,0.000598473617,-2.690937546,2.760463562,1.410990952,0.0005165388037,0.0005992580633,0.0005165388037,0.0006476809663,0.0006008433222,0.0006344306251,0.007920969917,-0.00794211043,0.009535298854,0.1586937891,fail,0
6e73acb2cf60,4.194176,1.391705069,1.278473544,0.7556893678,16.57379185,0.001084756604,-2.816492555,3.280832769,4.537986628,0.000587330346,0.000973286323,0.000587330346,0.001083995931,0.001882764808,0.001051321777,0.06541565201,-0.06255539376,0.01023253307,0.1114876586,pass,0
702de9dcde32,4.194176,1.391705069,1.278965666,0.7553110976,16.47520276,0.0005412330188,-2.940294261,3.300098093,1.349525553,0.0004603837292,0.0005230412789,0.0006255563914,0.0004603837292,0.0004827024523,0.0006368149301,0.01698984517,-0.04917352558,0.01245025302,0.1835191313,borderline,2
753b14c27c83,4.194176,1.391705069,1.278965666,0.7553110976,16.60106777,0.003940753299,-2.413478123,6.297594636,10.12339072,0.003420147819,0.003806708898,0.003420147819,0.003802128787,0.004999360992,0.003763975785,0.03452015613,-0.005815353368,0.009620002293,0.08033396057,pass,0
789434d095d1,6.869376,1.505617978,1.250926387,0.7771335678,25.22151939,0.0003559094708,-2.685935356,1.821353822,0.3168649122,0.000321918794,0.000355249945,0.0003248584914,0.000321918794,0.0003911792559,0.0003946520467,0.02646843126,0.006281566489,0.00933559771,0.1564588174,pass,0
78b3f819dcc5,5.067304,1.321756895,1.29637209,0.7420386104,9.221905771,0.002742747024,-1.960436744,3.374506317,1.762682379,0.001778388813,0.002762441458,0.002776324034,0.003790249068,0.003422196977,0.001778388813,0.05855167953,-0.1275490524,0.007411504086,0.01873912229,pass,0
7b211d8bd249,8.768144,1.309119011,1.189295683,0.8271023209,24.53408612,0.00285553721,-2.411133994,5.389483022,4.460840744,0.002325753125,0.003074813014,0.003332276784,0.003115461714,0.002325753125,0.002810015947,0.006532806848,-0.01640157827,0.008994050819,0.03267361447,pass,0
7c629b491d1a,6.869376,1.505617978,1.250926387,0.7771335678,25.25453549,0.0006203105815,-2.364201145,2.190363868,0.4871637903,0.0005332296433,0.0005951797594,0.0005554812659,0.0005332296433,0.0006774989809,0.0007466427246,0.008005213871,-0.02483594732,0.007647420544,0.1305665329,pass,0
7cc4b7aabe04,4.194176,1.391705069,1.279949454,0.7545554087,16.5520951,0.001310457627,-2.582808209,4.229702058,3.120730128,0.0008660682501,0.001258574221,0.001024159592,0.0008660682501,0.001584989957,0.002072854076,0.04495766472,-0.02035475018,0.01063121653,0.1408876465,pass,0
7e0598cc88a0,4.194176,1.391705069,1.279457636,0.7549331113,16.50066664,0.0009594494926,-2.821318997,5.358571262,2.826326018,0.0006726458192,0.0008648316484,0.0009492305087,0.0006726458192,0.001184887181,0.001139117782,0.09635110587,-0.08929033569,0.0113998863,0.1248390613,pass,0
7efc91af4ae6,0.169692,1.324022346,1.298284948,0.7405926405,4.626617637,0.01239472138,-1.630586099,14.15297562,1366.062518,0.007764352437,0.0128728167,0.008306606751,0.02472756225,0.01772646918,0.007764352437,0.1008339483,-0.1732842622,0.0192496499,0.3330429248,fail,0
84c663f39632,8.768144,1.309119011,1.196053822,0.8214839974,24.97594702,0.004060533755,-2.239592127,4.719608777,3.045088927,0.002953915713,0.003827761874,0.002953915713,0.004463278407,0.004548865885,0.004546477866,0.005394561628,-0.03850626228,0.007911840368,0.004089253973,pass,0
857230f64a2e,2.260744,1.504078303,1.219099983,0.8025855511,28.23083905,0.0004955499081,-3.021336038,2.927946019,1.384882058,0.0003825025203,0.0004448749448,0.0003825025203,0.0004075481779,0.0008176216583,0.0004815286968,0.06335434625,-0.04562652025,0.0126794124,0.3168533827,borderline,2
875a2fc5fe23,5.629824,1.489711934,1.163081037,0.8492316429,45.11359503,0.0008386499791,-2.713472797,3.358471037,1.127329262,0.0006080571608,0.0007057575469,0.0006885112211,0.0009603329846,0.001206891995,0.0006080571608,0.009229242369,-0.08690000667,0.01121704615,0.129190604,pass,0
87774aafe068,4.194176,1.391705069,1.277981271,0.7560679223,16.60283212,0.001516564992,-2.716309033,4.621433402,4.612767739,0.001149735866,0.001403472292,0.001149735866,0.001249126159,0.002078033216,0.001712936869,0.04027154713,-0.03031685688,0.01136291788,0.1335401667,pass,0
8ac0c44bbf24,4.194176,1.391705069,1.277488845,0.7564467613,16.65106567,0.001746335621,-2.723062158,6.464007486,7.132003553,0.001354037016,0.001694728705,0.002381550832,0.001367293335,0.001354037016,0.002354581152,0.07157496004,-0.09826002946,0.01172795994,0.0475999635,pass,0
8fd7ad26e691,6.869376,1.505617978,1.250926387,0.7771335678,25.30541348,0.0004996050409,-2.817033691,3.539107866,1.60210297,0.000432168565,0.0004898660577,0.000493228486,0.000432168565,0.0004888438899,0.0006358823644,0.02862882015,-0.08319849621,0.009964714067,0.1340660746,pass,0
905cc86bf100,6.869376,1.505617978,1.257018769,0.7723448338,24.98333182,0.0002266490718,-2.867094485,2.136225644,1.088681095,0.0001917679045,0.0002275823312,0.0002723630537,0.0002064947509,0.0001917679045,0.0002730675115,0.03335577333,-0.04938052414,0.01229909388,0.1605417396,borderline,2
9859e2a6cc24,1.1025,1,0.9990473923,1.000953062,20.31918367,0.002807311369,-2.682283231,10.86338615,11.99407821,0.001785290258,0.002437967525,0.003237104922,0.001785290258,0.003098377373,0.003516127009,0.0420570708,-0.0690733661,0.01943466162,0.6184538994,pass,0
9e3510963315,1.504,1.504,1.246861913,0.7803430662,26.36476064,0.004685730119,-1.966749811,6.639477158,12.7431845,0.004022799789,0.004488412908,0.004022799789,0.004195665343,0.00544921674,0.00531173772,0.03607242226,-0.05210489005,0.01433683671,0.1183774969,pass,0
a0cd7bffdaa0,1.1025,1,0.9990473923,1.000953062,20.21006803,0.002291829263,-2.222330699,9.894892075,26.35376463,0.001262239152,0.00204254376,0.001262239152,0.002250523749,0.00354486588,0.002610238622,0.1121891035,-0.04823016875,0.01683848596,1.009112363,pass,0
a3fcf42ff56d,8.768144,1.309119011,1.197056156,0.8206536952,24.85062973,0.001772631245,-2.286692443,3.681839445,1.154703807,0.001444532735,0.001617279818,0.001444532735,0.001543115624,0.002239606262,0.001966518061,0.03689581347,-0.06335982688,0.008937162587,0.07961506737,pass,0
b3819a805dca,5.067304,1.321756895,1.29637209,0.7420386104,6.026439306,0.001367536392,-1.70669739,3.679450407,0.3919358048,0.001068081516,0.001390657089,0.001736526464,0.001245016201,0.001068081516,0.001585641537,0.07447868486,-0.1051620659,0.009343765812,0.9030589724,fail,0
b49b2fac2514,8.768144,1.309119011,1.197414839,0.8203567604,24.8526256,0.001531313464,-2.229913839,3.665657655,0.7943559299,0.001184935515,0.001401003281,0.001591707955,0.001184935515,0.001436098522,0.002038672165,0.04983294094,-0.08404354406,0.009449124479,0.05534957346,borderline,2
b70cb31b9abb,6.869376,1.505617978,1.250926387,0.7771335678,25.2457574,0.0007565762374,-2.615992101,3.164038702,0.9695251124,0.0005734266685,0.0007160115483,0.0005734266685,0.0009540516713,0.0008290291278,0.0006274170879,0.01260212492,-0.04441533632,0.0105886972,0.1094223148,pass,0
b77b8a1f09f1,4.194176,1.391705069,1.278965666,0.7553110976,16.43288217,0.0003738202599,-2.825626904,2.143556252,0.8138281914,0.0002268711832,0.0003487528975,0.0002268711832,0.0002829394891,0.0006376006995,0.0004255993069,0.04784724838,-0.01830785571,0.01089631802,0.1685900406,fail,0
b90bc89ce8d8,8.768144,1.309119011,1.195831481,0.8216682818,24.83354516,0.003088628836,-2.090090708,5.013018791,2.888326069,0.002135246781,0.002926506932,0.002135246781,0.002988944562,0.004051328816,0.003518055712,0.03940726681,0.01073317825,0.008737212599,0.04301513814,pass,0
b96b518596b3,12.212224,1.505617978,1.298087644,0.7407416725,28.23158173,0.0008360970034,-2.961801198,6.022534936,13.22145946,0.0005138123593,0.0007462853981,0.0005138123593,0.0007682971323,0.001223616964,0.0008899749147,0.06456862781,-0.0621023728,0.01126118822,0.04239821462,pass,0
ba08cee68c71,4.194176,1.391705069,1.277981271,0.7560679223,16.58597541,0.001645757153,-2.664481955,5.096758803,4.465933579,0.001171613807,0.001547847815,0.001749365821,0.001402395309,0.001171613807,0.002801641222,0.05132511956,-0.06337043801,0.01045793422,0.06468429178,pass,0
ba4d2c4b3039,8.768144,1.309119011,1.194607874,0.8226831277,24.81867314,0.003178651305,-2.406200034,6.128534009,3.730035398,0.002266731173,0.003041631481,0.003171059303,0.002266731173,0.003258575596,0.004299665595,0.0360655456,-0.04708627509,0.009992577327,0.04795201219,pass,0
ba735b286d62,4.194176,1.391705069,1.278473544,0.7556893678,16.61089091,0.002409888614,-2.595825803,6.887678832,7.147473051,0.002122267813,0.002168383667,0.002401306659,0.002122267813,0.002591609983,0.00257596848,0.0154331125,-0.003356014572,0.01219073923,0.04583292113,pass,0
bd5013540a13,1.504,1.504,1.248843418,0.7787768988,26.40365691,0.003085792834,-2.37756199,11.07912486,86.23594643,0.002557797692,0.003041176633,0.002557797692,0.003625139222,0.003691534471,0.002676474036,0.02051692679,-0.1003349952,0.01746972503,0.0901626089,pass,0
bd9904495ccd,6.869376,1.505617978,1.252146692,0.7761722646,25.16094621,0.0003614547112,-2.736166718,2.105732187,0.3277954364,0.000300168108,0.0003441816667,0.000300168108,0.0003433399851,0.000401120819,0.0004023348214,0.007502573365,-0.04078703218,0.009907694403,0.1789154433,pass,0
bdff5d8bddf8,6.869376,1.505617978,1.252553258,0.7758522266,25.20735508,0.0003934011535,-2.787239919,1.596966389,0.5879731486,0.0003525663953,0.0003814706106,0.0003525663953,0.0003974118955,0.0004174832532,0.0003990402064,0.008995088706,-0.02968985393,0.008894382959,0.1413254109,pass,0
bfdee9be1f1d,5.067304,1.321756895,1.29637209,0.7420386104,9.040685145,0.003198142314,-2.00205334,2.965789155,1.286736977,0.002559089991,0.00332977031,0.003612250052,0.002559089991,0.002765967541,0.004373158909,0.03607824665,-0.1852405877,0.008113869738,0.0651091245,pass,0
bfefa7344e7d,1.1025,1,0.9980943311,1.001907486,20.78421769,0.008972866014,-2.660680062,20.30390448,410.3721436,0.007365436594,0.008631134814,0.01094165815,0.007365436594,0.007952455445,0.0105613991,0.03372065637,-0.04196951526,0.01840290441,0.4625844732,pass,0
c0e509786f7f,6.869376,1.505617978,1.250519415,0.7774543991,25.31484665,0.002536277247,-2.666277064,7.623426786,7.590733403,0.001624726403,0.002410421587,0.001624726403,0.002348367584,0.0031793915,0.003148229182,0.01714737529,-0.03074098859,0.01362189347,0.0897005382,pass,0
c3d12a23f451,5.067304,1.321756895,1.29637209,0.7420386104,8.854432258,0.003249599017,-1.925064779,3.7150168,1.864315016,0.003093258614,0.003270619727,0.003256862489,0.003093258614,0.003416142956,0.003244262935,0.02941518995,-0.03866520762,0.008940638875,0.01379198952,pass,0
c62585bd68fb,1.648692,1.321396598,1.296067656,0.7422689673,0.0001213082856,0.00556860126,-2.476106317,17.60629168,27.34719504,0.004402805723,0.005103750165,0.006811427256,0.004402805723,0.005323883859,0.006319919145,0.03243443672,-0.2504418011,0.01847345871,0.9756230704,pass,0
c8d2d32f7f29,6.869376,1.505617978,1.249705165,0.7780966579,25.3542971,0.006556676724,-2.31833899,7.559108704,8.934175175,0.005181842794,0.007034491227,0.00770786038,0.007092437335,0.005181842794,0.007440213372,0.02504565507,-0.03004050056,0.009171412405,0.09735370324,pass,0
cd54d022e37d,6.869376,1.505617978,1.254584559,0.7742550016,25.25245379,0.0004927634533,-2.426498186,2.45766186,0.4101539591,0.0004089426607,0.0004637753974,0.0004668271968,0.0004191020112,0.0004089426607,0.000809577549,0.02175258902,-0.07532132551,0.009187917876,0.1681893162,pass,0
cd972e5639e0,5.067304,1.321756895,1.29637209,0.7420386104,7.757833357,0.001967012027,-2.10111998,4.420718915,0.7330813267,0.001326538807,0.001919705455,0.00178975792,0.003208498317,0.00227765135,0.001326538807,0.08587065066,-0.2186590212,0.008234549792,0.0963803148,pass,0
cf1b9d26d38d,8.768144,1.309119011,1.194819287,0.8225077023,24.70925432,0.000623571468,-2.964973934,3.512546727,2.084085106,0.00041180716,0.0005810395393,0.0008430029717,0.00041180716,0.0005294998556,0.0008322900123,0.03852372557,-0.08220832644,0.01076294031,0.1501151009,fail,0
d1a24527a15d,4.194176,1.391705069,1.277488845,0.7564467613,16.66179483,0.002055169311,-2.513514448,5.435697346,5.901789676,0.001264668266,0.001932321855,0.001264668266,0.002054147358,0.003272051947,0.002031525524,0.04079654735,-0.06751198329,0.01071221045,0.04411574117,pass,0
d48178e4a49b,8.768144,1.309119011,1.190082645,0.826446281,24.48377901,0.001299327915,-2.568197165,4.82488136,1.79703157,0.0007396562625,0.001244212322,0.0007396562625,0.00165753607,0.002044807864,0.001075349497,0.03803078356,-0.07641550986,0.01118522613,0.05051823859,pass,0
d51b3fe0fa1b,1.504,1.504,1.291976823,0.7453704879,29.0231383,0.01098622189,-1.995623115,7.185119462,6.119998575,0.00852709222,0.01049038989,0.0133951026,0.008751285008,0.00852709222,0.01513079329,0.06966562393,-0.01936802246,0.01286722321,0.08824422103,pass,0
d803598dabda,1.504,1.504,1.248610683,0.7789607049,26.3518617,0.003398908172,-2.271050493,6.065904363,6.060824007,0.00272465876,0.003138777286,0.00272465876,0.003618979332,0.003720720263,0.003654513188,0.008134995798,-0.06148937318,0.01489283039,0.1232318709,pass,0
d85ea1220a03,1.1025,1,0.9980943311,1.001907486,20.78421769,0.008972866014,-2.660680062,20.30390448,410.3721436,0.007365436594,0.008631134814,0.01094165815,0.007365436594,0.007952455445,0.0105613991,0.03372065637,-0.04196951526,0.01840290441,0.4625844732,pass,0
df4913ca3712,1.504,1.504,1.291976823,0.7453704879,29.0231383,0.01098622189,-1.995623115,7.185119462,6.119998575,0.00852709222,0.01049038989,0.0133951026,0.008751285008,0.00852709222,0.01513079329,0.06966562393,-0.01936802246,0.01286722321,0.08824422103,pass,0
df84e7113003,6.869376,1.505617978,1.252553258,0.7758522266,25.21459009,0.0003062110173,-2.806645324,1.895811725,0.5089763605,0.0002488758536,0.0003194846042,0.0003450381261,0.0002488758536,0.0002925302399,0.0003917404914,0.01588284285,-0.03394980751,0.008503958472,0.1234502776,pass,0
e740af6ac6ea,1.504,1.504,1.247968513,0.7794680698,26.42759309,0.004757996399,-2.067693487,8.13383747,59.67723895,0.004460295592,0.004497137467,0.004482843345,0.004460295592,0.004962174806,0.005193111961,0.06686152636,-0.06946837721,0.0144848657,0.09100529674,pass,0
eaa0dfbd5024,4.194176,1.391705069,1.279949454,0.7545554087,16.59765828,0.001724401672,-2.580734766,5.933123028,4.516450601,0.001458311439,0.001595524919,0.001583532928,0.001458311439,0.001958040419,0.001965682589,0.03305480648,-0.01252133244,0.01103927222,0.0936524186,pass,0
ed3a0fc5b546,4.194176,1.391705069,1.278473544,0.7556893678,16.61089091,0.002409888614,-2.595825803,6.887678832,7.147473051,0.002122267813,0.002168383667,0.002401306659,0.002122267813,0.002591609983,0.00257596848,0.0154331125,-0.003356014572,0.01219073923,0.04583292113,pass,0
f2d2a0c92034,6.869376,1.505617978,1.252146692,0.7761722646,25.25871346,0.0007311454447,-2.744492456,3.540855719,1.05392842,0.0006166988469,0.0007016765218,0.000624540471,0.0006166988469,0.0008491570189,0.0008910792998,0.02446278562,-0.0450589358,0.01049864902,0.1022347914,pass,0
f69835dc7c50,4.194176,1.391705069,1.277981271,0.7560679223,16.54599139,0.001761260161,-2.700662679,5.745119747,6.076789071,0.001162321793,0.001690199144,0.001580248617,0.001162321793,0.002019906059,0.002723503363,0.02529624892,-0.06903151187,0.01129058844,0.135477663,pass,0
fa59221cf464,5.629824,1.489711934,1.165534794,0.8471373244,45.1780553,0.002403737098,-2.531756237,4.362731958,4.203363374,0.001599607178,0.002176739567,0.001599607178,0.002185973494,0.003342224396,0.002869906367,0.04374861523,0.004139528811,0.0105096128,0.1923289395,pass,0
